date,mins_watch_worn,sleep_start,sleep_end,steps,active_kcal,basal_kcal,mins_daylight,hrv_asleep_avg,hrv_asleep_min,hrv_asleep_max,hrv_awake_avg,hrv_awake_min,hrv_awake_max,mins_asleep,mins_core,mins_deep,mins_rem
2024-05-31,0.0,,,5174,501.28,4697.94,0.0,0,0,0,0,0,0,0.0,0.0,0.0,0.0
2024-06-01,0.0,,,4469,489.45,6198.71,0.0,0,0,0,0,0,0,0.0,0.0,0.0,0.0
2024-06-02,0.0,,,5923,511.49,6216.4,0.0,0,0,0,0,0,0,0.0,0.0,0.0,0.0
2024-06-03,0.0,,,6671,604.89,6079.4,0.0,0,0,0,0,0,0,0.0,0.0,0.0,0.0
2024-06-04,0.0,,,8167,780.18,6305.75,0.0,0,0,0,0,0,0,0.0,0.0,0.0,0.0
2024-06-05,0.0,,,9315,936.15,6149.21,0.0,0,0,0,0,0,0,0.0,0.0,0.0,0.0
2024-06-06,0.0,,,8154,851.64,6200.06,0.0,0,0,0,0,0,0,0.0,0.0,0.0,0.0
2024-06-07,0.0,,,12080,1196.48,6270.81,0.0,0,0,0,0,0,0,0.0,0.0,0.0,0.0
2024-06-08,0.0,,,11152,1053.15,6302.4,0.0,0,0,0,0,0,0,0.0,0.0,0.0,0.0
2024-06-09,0.0,,,3844,391.37,6137.39,0.0,0,0,0,0,0,0,0.0,0.0,0.0,0.0
2024-06-10,0.0,,,17073,1624.5,6271.3,0.0,0,0,0,0,0,0,0.0,0.0,0.0,0.0
2024-06-11,0.0,,,3624,399.01,6210.79,0.0,0,0,0,0,0,0,0.0,0.0,0.0,0.0
2024-06-12,0.0,,,7742,688.8,6468.17,0.0,0,0,0,0,0,0,0.0,0.0,0.0,0.0
2024-06-13,0.0,,,10081,909.91,6638.72,0.0,0,0,0,0,0,0,0.0,0.0,0.0,0.0
2024-06-14,0.0,,,7871,663.19,6644.39,0.0,0,0,0,0,0,0,0.0,0.0,0.0,0.0
2024-06-15,0.0,,,4928,354.98,6731.12,0.0,0,0,0,0,0,0,0.0,0.0,0.0,0.0
2024-06-16,0.0,,,6576,517.51,6573.34,0.0,0,0,0,0,0,0,0.0,0.0,0.0,0.0
2024-06-17,0.0,,,7397,573.45,6650.51,0.0,0,0,0,0,0,0,0.0,0.0,0.0,0.0
2024-06-18,0.0,,,9515,703.17,6797.85,0.0,0,0,0,0,0,0,0.0,0.0,0.0,0.0
2024-06-19,0.0,,,5984,502.48,6687.58,0.0,0,0,0,0,0,0,0.0,0.0,0.0,0.0
2024-06-20,0.0,,,4792,378.08,6498.93,0.0,0,0,0,0,0,0,0.0,0.0,0.0,0.0
2024-06-21,0.0,,,6511,518.57,6677.45,0.0,0,0,0,0,0,0,0.0,0.0,0.0,0.0
2024-06-22,0.0,,,15693,1305.57,6634.83,0.0,0,0,0,0,0,0,0.0,0.0,0.0,0.0
2024-06-23,0.0,,,4265,318.22,6647.38,0.0,0,0,0,0,0,0,0.0,0.0,0.0,0.0
2024-06-24,0.0,,,8288,720.81,6649.97,0.0,0,0,0,0,0,0,0.0,0.0,0.0,0.0
2024-06-25,0.0,,,1354,148.71,6685.83,0.0,0,0,0,0,0,0,0.0,0.0,0.0,0.0
2024-06-26,0.0,,,5669,405.34,6618.03,0.0,0,0,0,0,0,0,0.0,0.0,0.0,0.0
2024-06-27,0.0,,,4865,397.85,6617.0,0.0,0,0,0,0,0,0,0.0,0.0,0.0,0.0
2024-06-28,0.0,,,2528,180.28,6737.63,0.0,0,0,0,0,0,0,0.0,0.0,0.0,0.0
2024-06-29,0.0,,,20141,3643.15,6615.55,0.0,0,0,0,0,0,0,0.0,0.0,0.0,0.0
2024-06-30,0.0,,,3635,192.77,6611.25,0.0,0,0,0,0,0,0,0.0,0.0,0.0,0.0
2024-07-01,0.0,,,10475,768.24,6728.74,0.0,0,0,0,0,0,0,0.0,0.0,0.0,0.0
2024-07-02,0.0,,,10953,985.89,6633.2,0.0,0,0,0,0,0,0,0.0,0.0,0.0,0.0
2024-07-03,0.0,,,8224,584.71,6629.7,0.0,0,0,0,0,0,0,0.0,0.0,0.0,0.0
2024-07-04,0.0,,,4143,285.66,6715.24,0.0,0,0,0,0,0,0,0.0,0.0,0.0,0.0
2024-07-05,0.0,,,2972,224.48,6629.85,0.0,0,0,0,0,0,0,0.0,0.0,0.0,0.0
2024-07-06,0.0,,,3597,235.8,6666.68,0.0,0,0,0,0,0,0,0.0,0.0,0.0,0.0
2024-07-07,0.0,,,6877,594.14,6537.02,0.0,0,0,0,0,0,0,0.0,0.0,0.0,0.0
2024-07-08,0.0,,,10984,822.38,6654.14,0.0,0,0,0,0,0,0,0.0,0.0,0.0,0.0
2024-07-09,0.0,,,27623,2190.03,6684.11,0.0,0,0,0,0,0,0,0.0,0.0,0.0,0.0
2024-07-10,0.0,,,16030,1140.58,6750.35,0.0,0,0,0,0,0,0,0.0,0.0,0.0,0.0
2024-07-11,0.0,,,8658,764.53,6739.09,0.0,0,0,0,0,0,0,0.0,0.0,0.0,0.0
2024-07-12,0.0,,,13257,1089.91,6490.66,0.0,0,0,0,0,0,0,0.0,0.0,0.0,0.0
2024-07-13,0.0,,,8449,740.99,6610.93,0.0,0,0,0,0,0,0,0.0,0.0,0.0,0.0
2024-07-14,0.0,,,2753,195.18,6634.97,0.0,0,0,0,0,0,0,0.0,0.0,0.0,0.0
2024-07-15,0.0,,,12969,1249.42,6803.49,0.0,0,0,0,0,0,0,0.0,0.0,0.0,0.0
2024-07-16,0.0,,,13565,1207.51,6436.95,0.0,0,0,0,0,0,0,0.0,0.0,0.0,0.0
2024-07-17,0.0,,,7154,450.52,6845.46,0.0,0,0,0,0,0,0,0.0,0.0,0.0,0.0
2024-07-18,0.0,,,23017,2069.8,6579.71,0.0,0,0,0,0,0,0,0.0,0.0,0.0,0.0
2024-07-19,0.0,,,16513,1386.46,6582.48,0.0,0,0,0,0,0,0,0.0,0.0,0.0,0.0
2024-07-20,0.0,,,17158,1543.19,6636.14,0.0,0,0,0,0,0,0,0.0,0.0,0.0,0.0
2024-07-21,0.0,,,13038,1284.3,6838.7,0.0,0,0,0,0,0,0,0.0,0.0,0.0,0.0
2024-07-22,0.0,,,10709,789.21,6463.63,0.0,0,0,0,0,0,0,0.0,0.0,0.0,0.0
2024-07-23,0.0,,,10369,841.14,6858.56,0.0,0,0,0,0,0,0,0.0,0.0,0.0,0.0
2024-07-24,0.0,,,16904,1411.74,6650.2,0.0,0,0,0,0,0,0,0.0,0.0,0.0,0.0
2024-07-25,0.0,,,11102,912.71,6468.34,0.0,0,0,0,0,0,0,0.0,0.0,0.0,0.0
2024-07-26,0.0,,,18400,1594.21,6630.71,0.0,0,0,0,0,0,0,0.0,0.0,0.0,0.0
2024-07-27,0.0,,,28010,2367.63,6835.91,0.0,0,0,0,0,0,0,0.0,0.0,0.0,0.0
2024-07-28,0.0,,,16470,1366.19,6478.7,0.0,0,0,0,0,0,0,0.0,0.0,0.0,0.0
2024-07-29,0.0,,,13610,1129.39,6757.81,0.0,0,0,0,0,0,0,0.0,0.0,0.0,0.0
2024-07-30,0.0,,,9509,749.63,6621.76,0.0,0,0,0,0,0,0,0.0,0.0,0.0,0.0
2024-07-31,0.0,,,13043,1094.77,6632.45,0.0,0,0,0,0,0,0,0.0,0.0,0.0,0.0
2024-08-01,0.0,,,14528,1163.24,6566.38,0.0,0,0,0,0,0,0,0.0,0.0,0.0,0.0
2024-08-02,0.0,,,11136,1054.77,6862.91,0.0,0,0,0,0,0,0,0.0,0.0,0.0,0.0
2024-08-03,0.0,,,14594,1239.6,6432.58,0.0,0,0,0,0,0,0,0.0,0.0,0.0,0.0
2024-08-04,0.0,,,12242,1254.17,6797.03,0.0,0,0,0,0,0,0,0.0,0.0,0.0,0.0
2024-08-05,0.0,,,13051,1073.36,6671.0,0.0,0,0,0,0,0,0,0.0,0.0,0.0,0.0
2024-08-06,0.0,,,14685,1254.28,6550.62,0.0,0,0,0,0,0,0,0.0,0.0,0.0,0.0
2024-08-07,0.0,,,17260,1626.83,6794.75,0.0,0,0,0,0,0,0,0.0,0.0,0.0,0.0
2024-08-08,0.0,,,12267,1214.08,6676.2,0.0,0,0,0,0,0,0,0.0,0.0,0.0,0.0
2024-08-09,0.0,,,10991,920.31,6395.86,0.0,0,0,0,0,0,0,0.0,0.0,0.0,0.0
2024-08-10,0.0,,,3635,284.89,6765.42,0.0,0,0,0,0,0,0,0.0,0.0,0.0,0.0
2024-08-11,0.0,,,3558,346.01,6694.36,0.0,0,0,0,0,0,0,0.0,0.0,0.0,0.0
2024-08-12,0.0,,,10625,887.51,6477.34,0.0,0,0,0,0,0,0,0.0,0.0,0.0,0.0
2024-08-13,0.0,,,16133,1439.78,6557.1,0.0,0,0,0,0,0,0,0.0,0.0,0.0,0.0
2024-08-14,0.0,,,6029,610.76,6886.36,0.0,0,0,0,0,0,0,0.0,0.0,0.0,0.0
2024-08-15,0.0,,,8799,750.96,6439.37,0.0,0,0,0,0,0,0,0.0,0.0,0.0,0.0
2024-08-16,0.0,,,22966,2205.09,6701.03,0.0,0,0,0,0,0,0,0.0,0.0,0.0,0.0
2024-08-17,0.0,,,15502,1378.15,6752.19,0.0,0,0,0,0,0,0,0.0,0.0,0.0,0.0
2024-08-18,0.0,,,17782,1562.14,6464.66,0.0,0,0,0,0,0,0,0.0,0.0,0.0,0.0
2024-08-19,0.0,,,14076,1432.37,6651.49,0.0,0,0,0,0,0,0,0.0,0.0,0.0,0.0
2024-08-20,0.0,,,17673,1619.53,6631.91,0.0,0,0,0,0,0,0,0.0,0.0,0.0,0.0
2024-08-21,0.0,,,15364,1361.61,6711.49,0.0,0,0,0,0,0,0,0.0,0.0,0.0,0.0
2024-08-22,0.0,,,10230,750.08,6736.56,0.0,0,0,0,0,0,0,0.0,0.0,0.0,0.0
2024-08-23,0.0,,,11539,926.08,6491.37,0.0,0,0,0,0,0,0,0.0,0.0,0.0,0.0
2024-08-24,0.0,,,13812,1166.92,6717.45,0.0,0,0,0,0,0,0,0.0,0.0,0.0,0.0
2024-08-25,0.0,,,12057,1001.36,6640.33,0.0,0,0,0,0,0,0,0.0,0.0,0.0,0.0
2024-08-26,0.0,,,12937,974.41,6781.69,0.0,0,0,0,0,0,0,0.0,0.0,0.0,0.0
2024-08-27,0.0,,,12098,1164.6,6476.1,0.0,0,0,0,0,0,0,0.0,0.0,0.0,0.0
2024-08-28,0.0,,,8272,675.94,6845.04,0.0,0,0,0,0,0,0,0.0,0.0,0.0,0.0
2024-08-29,0.0,,,6004,461.94,6626.39,0.0,0,0,0,0,0,0,0.0,0.0,0.0,0.0
2024-08-30,0.0,,,12412,971.56,6570.29,0.0,0,0,0,0,0,0,0.0,0.0,0.0,0.0
2024-08-31,0.0,,,13647,1139.91,6523.42,0.0,0,0,0,0,0,0,0.0,0.0,0.0,0.0
2024-09-01,0.0,,,11346,1005.59,6761.23,0.0,0,0,0,0,0,0,0.0,0.0,0.0,0.0
2024-09-02,0.0,,,7652,686.33,6454.88,0.0,0,0,0,0,0,0,0.0,0.0,0.0,0.0
2024-09-03,0.0,,,11921,981.22,6624.71,0.0,0,0,0,0,0,0,0.0,0.0,0.0,0.0
2024-09-04,0.0,,,14405,1220.34,6870.26,0.0,0,0,0,0,0,0,0.0,0.0,0.0,0.0
2024-09-05,0.0,,,4466,355.1,6434.5,0.0,0,0,0,0,0,0,0.0,0.0,0.0,0.0
2024-09-06,0.0,,,11857,1058.55,6631.04,0.0,0,0,0,0,0,0,0.0,0.0,0.0,0.0
2024-09-07,0.0,,,12286,934.58,6729.93,0.0,0,0,0,0,0,0,0.0,0.0,0.0,0.0
2024-09-08,0.0,,,8035,771.35,6749.23,0.0,0,0,0,0,0,0,0.0,0.0,0.0,0.0
2024-09-09,0.0,,,7242,593.61,6404.84,0.0,0,0,0,0,0,0,0.0,0.0,0.0,0.0
2024-09-10,0.0,,,9003,761.35,6599.4,0.0,0,0,0,0,0,0,0.0,0.0,0.0,0.0
2024-09-11,0.0,,,4947,357.49,6629.72,0.0,0,0,0,0,0,0,0.0,0.0,0.0,0.0
2024-09-12,0.0,,,14935,1266.75,6645.61,0.0,0,0,0,0,0,0,0.0,0.0,0.0,0.0
2024-09-13,0.0,,,10381,896.57,6611.6,0.0,0,0,0,0,0,0,0.0,0.0,0.0,0.0
2024-09-14,0.0,,,7332,599.68,6829.77,0.0,0,0,0,0,0,0,0.0,0.0,0.0,0.0
2024-09-15,0.0,,,4897,355.96,6448.4,0.0,0,0,0,0,0,0,0.0,0.0,0.0,0.0
2024-09-16,0.0,,,16186,1398.71,6686.2,0.0,0,0,0,0,0,0,0.0,0.0,0.0,0.0
2024-09-17,0.0,,,6911,582.93,6748.71,0.0,0,0,0,0,0,0,0.0,0.0,0.0,0.0
2024-09-18,0.0,,,12658,959.4,6477.5,0.0,0,0,0,0,0,0,0.0,0.0,0.0,0.0
2024-09-19,0.0,,,9245,775.57,6615.68,0.0,0,0,0,0,0,0,0.0,0.0,0.0,0.0
2024-09-20,0.0,,,19790,1680.52,6684.52,0.0,0,0,0,0,0,0,0.0,0.0,0.0,0.0
2024-09-21,0.0,,,11864,1002.2,6873.11,0.0,0,0,0,0,0,0,0.0,0.0,0.0,0.0
2024-09-22,0.0,,,12393,920.94,6424.51,0.0,0,0,0,0,0,0,0.0,0.0,0.0,0.0
2024-09-23,0.0,,,18713,1429.78,6648.1,0.0,0,0,0,0,0,0,0.0,0.0,0.0,0.0
2024-09-24,0.0,,,8328,640.86,6816.06,0.0,0,0,0,0,0,0,0.0,0.0,0.0,0.0
2024-09-25,0.0,,,8904,752.02,6437.02,0.0,0,0,0,0,0,0,0.0,0.0,0.0,0.0
2024-09-26,0.0,,,4612,366.97,6708.69,0.0,0,0,0,0,0,0,0.0,0.0,0.0,0.0
2024-09-27,0.0,,,15858,1207.1,6551.15,0.0,0,0,0,0,0,0,0.0,0.0,0.0,0.0
2024-09-28,0.0,,,2977,261.72,6595.45,0.0,0,0,0,0,0,0,0.0,0.0,0.0,0.0
2024-09-29,0.0,,,7666,616.27,6632.0,0.0,0,0,0,0,0,0,0.0,0.0,0.0,0.0
2024-09-30,0.0,,,10525,838.22,6657.21,0.0,0,0,0,0,0,0,0.0,0.0,0.0,0.0
2024-10-01,0.0,,,10478,822.29,6612.04,0.0,0,0,0,0,0,0,0.0,0.0,0.0,0.0
2024-10-02,0.0,,,8303,666.96,6824.11,0.0,0,0,0,0,0,0,0.0,0.0,0.0,0.0
2024-10-03,0.0,,,14101,1175.47,6443.89,0.0,0,0,0,0,0,0,0.0,0.0,0.0,0.0
2024-10-04,0.0,,,4526,367.7,6646.77,0.0,0,0,0,0,0,0,0.0,0.0,0.0,0.0
2024-10-05,0.0,,,6038,464.33,6652.99,0.0,0,0,0,0,0,0,0.0,0.0,0.0,0.0
2024-10-06,0.0,,,10845,920.04,6607.33,0.0,0,0,0,0,0,0,0.0,0.0,0.0,0.0
2024-10-07,0.0,,,10740,1083.27,6754.44,0.0,0,0,0,0,0,0,0.0,0.0,0.0,0.0
2024-10-08,0.0,,,9878,791.42,6579.38,0.0,0,0,0,0,0,0,0.0,0.0,0.0,0.0
2024-10-09,0.0,,,10247,777.11,6583.67,0.0,0,0,0,0,0,0,0.0,0.0,0.0,0.0
2024-10-10,0.0,,,13098,1042.66,6627.14,0.0,0,0,0,0,0,0,0.0,0.0,0.0,0.0
2024-10-11,0.0,,,13908,1190.59,6573.3,0.0,0,0,0,0,0,0,0.0,0.0,0.0,0.0
2024-10-12,0.0,,,12132,1029.8,6674.0,0.0,0,0,0,0,0,0,0.0,0.0,0.0,0.0
2024-10-13,0.0,,,1754,153.9,6676.47,0.0,0,0,0,0,0,0,0.0,0.0,0.0,0.0
2024-10-14,0.0,,,6119,494.19,6507.65,0.0,0,0,0,0,0,0,0.0,0.0,0.0,0.0
2024-10-15,0.0,,,13976,1117.29,6641.27,0.0,0,0,0,0,0,0,0.0,0.0,0.0,0.0
2024-10-16,0.0,,,6622,497.86,6698.75,0.0,0,0,0,0,0,0,0.0,0.0,0.0,0.0
2024-10-17,0.0,,,11111,1193.9,6722.42,0.0,0,0,0,0,0,0,0.0,0.0,0.0,0.0
2024-10-18,0.0,,,10182,791.89,6614.47,0.0,0,0,0,0,0,0,0.0,0.0,0.0,0.0
2024-10-19,0.0,,,3926,279.45,6591.14,0.0,0,0,0,0,0,0,0.0,0.0,0.0,0.0
2024-10-20,0.0,,,6334,477.14,6507.95,0.0,0,0,0,0,0,0,0.0,0.0,0.0,0.0
2024-10-21,0.0,,,10656,1000.8,6645.59,0.0,0,0,0,0,0,0,0.0,0.0,0.0,0.0
2024-10-22,0.0,,,19026,1566.72,6794.82,0.0,0,0,0,0,0,0,0.0,0.0,0.0,0.0
2024-10-23,0.0,,,16740,1449.88,6537.64,0.0,0,0,0,0,0,0,0.0,0.0,0.0,0.0
2024-10-24,0.0,,,4744,344.06,6650.38,0.0,0,0,0,0,0,0,0.0,0.0,0.0,0.0
2024-10-25,0.0,,,11516,922.71,6785.35,0.0,0,0,0,0,0,0,0.0,0.0,0.0,0.0
2024-10-26,0.0,,,5980,485.98,6570.61,0.0,0,0,0,0,0,0,0.0,0.0,0.0,0.0
2024-10-27,0.0,,,12354,1000.59,6534.6,0.0,0,0,0,0,0,0,0.0,0.0,0.0,0.0
2024-10-28,0.0,,,7069,515.2,6659.61,0.0,0,0,0,0,0,0,0.0,0.0,0.0,0.0
2024-10-29,0.0,,,18506,1444.29,6791.62,0.0,0,0,0,0,0,0,0.0,0.0,0.0,0.0
2024-10-30,0.0,,,6847,494.18,6696.36,0.0,0,0,0,0,0,0,0.0,0.0,0.0,0.0
2024-10-31,0.0,,,11879,953.43,6615.88,0.0,0,0,0,0,0,0,0.0,0.0,0.0,0.0
2024-11-01,0.0,,,13121,973.39,6499.03,0.0,0,0,0,0,0,0,0.0,0.0,0.0,0.0
2024-11-02,0.0,,,10354,822.06,6764.67,0.0,0,0,0,0,0,0,0.0,0.0,0.0,0.0
2024-11-03,0.0,,,5861,472.14,6515.32,0.0,0,0,0,0,0,0,0.0,0.0,0.0,0.0
2024-11-04,0.0,,,10750,845.95,6546.86,0.0,0,0,0,0,0,0,0.0,0.0,0.0,0.0
2024-11-05,0.0,,,27938,2384.39,6930.96,0.0,0,0,0,0,0,0,0.0,0.0,0.0,0.0
2024-11-06,0.0,,,25230,2441.06,6576.5,0.0,0,0,0,0,0,0,0.0,0.0,0.0,0.0
2024-11-07,0.0,,,5495,450.07,6518.28,0.0,0,0,0,0,0,0,0.0,0.0,0.0,0.0
2024-11-08,0.0,,,16022,1401.39,6648.01,0.0,0,0,0,0,0,0,0.0,0.0,0.0,0.0
2024-11-09,0.0,,,7607,674.93,6890.16,0.0,0,0,0,0,0,0,0.0,0.0,0.0,0.0
2024-11-10,0.0,,,10733,950.04,6438.01,0.0,0,0,0,0,0,0,0.0,0.0,0.0,0.0
2024-11-11,0.0,,,9114,782.57,6623.55,0.0,0,0,0,0,0,0,0.0,0.0,0.0,0.0
2024-11-12,0.0,,,17554,1312.56,6698.22,0.0,0,0,0,0,0,0,0.0,0.0,0.0,0.0
2024-11-13,0.0,,,12951,1207.65,6764.1,0.0,0,0,0,0,0,0,0.0,0.0,0.0,0.0
2024-11-14,0.0,,,15270,1392.22,6631.36,0.0,0,0,0,0,0,0,0.0,0.0,0.0,0.0
2024-11-15,0.0,,,8851,742.23,6617.55,0.0,0,0,0,0,0,0,0.0,0.0,0.0,0.0
2024-11-16,0.0,,,10216,867.36,6639.38,0.0,0,0,0,0,0,0,0.0,0.0,0.0,0.0
2024-11-17,0.0,,,10808,981.19,6576.2,0.0,0,0,0,0,0,0,0.0,0.0,0.0,0.0
2024-11-18,0.0,,,11806,908.11,6671.14,0.0,0,0,0,0,0,0,0.0,0.0,0.0,0.0
2024-11-19,0.0,,,13987,1137.48,6561.59,0.0,0,0,0,0,0,0,0.0,0.0,0.0,0.0
2024-11-20,0.0,,,8142,716.99,6712.39,0.0,0,0,0,0,0,0,0.0,0.0,0.0,0.0
2024-11-21,0.0,,,17851,1430.17,6573.82,0.0,0,0,0,0,0,0,0.0,0.0,0.0,0.0
2024-11-22,0.0,,,14400,1156.27,6650.32,0.0,0,0,0,0,0,0,0.0,0.0,0.0,0.0
2024-11-23,0.0,,,7500,613.63,6649.67,0.0,0,0,0,0,0,0,0.0,0.0,0.0,0.0
2024-11-24,0.0,,,11113,976.65,6599.73,0.0,0,0,0,0,0,0,0.0,0.0,0.0,0.0
2024-11-25,0.0,,,22246,1846.97,6713.75,0.0,0,0,0,0,0,0,0.0,0.0,0.0,0.0
2024-11-26,0.0,,,10891,1040.07,6661.66,0.0,0,0,0,0,0,0,0.0,0.0,0.0,0.0
2024-11-27,0.0,,,5743,460.32,6727.57,0.0,0,0,0,0,0,0,0.0,0.0,0.0,0.0
2024-11-28,0.0,,,8304,639.57,6486.86,0.0,0,0,0,0,0,0,0.0,0.0,0.0,0.0
2024-11-29,0.0,,,18916,1722.37,6784.24,0.0,0,0,0,0,0,0,0.0,0.0,0.0,0.0
2024-11-30,0.0,,,18168,1567.35,6745.0,0.0,0,0,0,0,0,0,0.0,0.0,0.0,0.0
2024-12-01,0.0,,,11795,1256.62,6640.66,0.0,0,0,0,0,0,0,0.0,0.0,0.0,0.0
2024-12-02,660.0,,,13480,1252.19,6488.49,150.0,0,0,0,44.39,27.64,69.97,0.0,0.0,0.0,0.0
2024-12-03,1440.0,,,20294,1574.32,6701.94,24.0,0,0,0,36.15,34.2,37.48,0.0,0.0,0.0,0.0
2024-12-04,1440.0,,,24593,2255.99,6762.53,89.0,0,0,0,34.95,17.78,62.25,0.0,0.0,0.0,0.0
2024-12-05,1440.0,02:22:32,08:28:02,14875,1222.57,6691.36,14.0,42.63,42.63,42.63,52.52,36.54,82.24,364.5,217.5,63.5,83.5
2024-12-06,1440.0,01:26:43,10:09:04,13589,1549.46,6781.59,22.0,50.06,48.06,52.05,43.32,35.15,51.48,515.0,208.0,76.5,138.5
2024-12-07,1440.0,04:28:20,12:18:26,23878,1916.23,6771.63,29.0,48.3,42.09,54.51,43.34,29.15,64.52,406.5,180.5,69.0,90.0
2024-12-08,1440.0,04:27:45,08:28:45,44840,3933.42,6765.8,278.0,29.6,29.6,29.6,40.61,15.65,72.29,240.0,136.5,33.5,70.0
2024-12-09,1440.0,03:28:14,08:11:44,11586,1653.08,6803.52,20.0,22.15,22.15,22.15,44.34,25.85,57.31,260.5,149.0,67.5,44.0
2024-12-10,1440.0,03:03:39,12:05:52,27922,2156.55,6754.88,94.0,36.28,22.5,50.05,29.01,13.55,43.01,525.5,362.0,44.0,119.5
2024-12-11,1440.0,00:51:23,11:07:57,6552,525.64,6681.14,9.0,66.6,36.54,96.65,49.24,43.59,54.9,548.0,293.5,21.5,88.5
2024-12-12,1440.0,01:37:13,11:54:06,29151,2281.1,6816.39,121.0,44.3,36.89,51.71,35.39,21.15,47.04,542.0,227.0,59.0,77.0
2024-12-13,1440.0,04:04:50,10:21:20,30559,2358.27,6728.2,89.0,59.27,50.71,67.83,40.03,31.72,51.7,374.0,257.0,37.0,80.0
2024-12-14,1440.0,03:39:01,12:22:03,23492,2075.05,6716.82,194.0,66.54,46.72,86.35,41.37,33.77,57.42,506.5,234.5,44.5,83.5
2024-12-15,1440.0,03:12:01,23:11:00,6710,830.82,6640.25,21.0,52.52,17.87,104.86,37.4,36.8,38.0,704.5,400.0,66.5,86.0
2024-12-16,1440.0,05:17:06,10:11:31,6598,1638.44,6767.62,40.0,53.24,53.24,53.24,33.78,26.74,44.72,282.5,88.5,68.0,38.5
2024-12-17,1440.0,,,6745,1205.17,6753.84,30.0,0,0,0,0,0,0,0.0,0.0,0.0,0.0
2024-12-18,1440.0,05:03:57,08:52:57,5075,1264.0,6823.74,9.0,0,0,0,39.58,25.44,52.81,226.5,125.5,60.5,40.5
2024-12-19,1440.0,04:48:34,14:20:17,19058,1657.54,6656.62,52.0,59.29,45.89,72.69,29.69,20.58,46.89,531.5,319.5,105.5,106.5
2024-12-20,1440.0,04:46:30,11:34:25,34967,2907.05,6788.3,212.0,54.36,54.36,54.36,34.32,18.61,55.73,379.5,117.0,66.5,32.5
2024-12-21,1440.0,,,28027,2274.71,6749.15,63.0,0,0,0,47.22,32.06,73.2,0.0,0.0,0.0,0.0
2024-12-22,1440.0,04:53:00,13:50:15,8159,1250.01,6794.51,0.0,76.53,69.44,82.8,42.4,23.96,60.27,451.0,294.5,99.5,57.0
2024-12-23,1440.0,04:17:20,08:31:20,23905,2179.27,6766.04,44.0,49.89,34.77,65.01,42.64,23.92,112.05,254.0,156.5,52.0,45.5
2024-12-24,1440.0,04:55:40,13:52:47,15403,1589.56,6784.75,9.0,72.06,41.42,91.61,30.18,20.38,35.86,483.0,197.0,58.5,76.0
2024-12-25,1440.0,02:14:41,08:58:11,26666,2195.54,6723.06,230.0,34.6,29.06,39.48,27.16,17.42,35.74,378.5,245.5,57.0,76.0
2024-12-26,1440.0,05:05:54,12:50:37,24649,2086.17,6729.73,172.0,73.38,44.56,100.4,33.75,22.28,53.89,457.0,183.0,65.5,73.5
2024-12-27,1440.0,04:33:58,08:38:28,7733,1296.85,6806.77,12.0,84.53,40.96,128.1,39.19,19.09,53.3,242.0,163.0,46.0,33.0
2024-12-28,1440.0,04:34:00,15:02:40,29876,2150.08,6734.09,33.0,72.42,34.44,156.76,37.84,27.37,61.59,602.0,421.0,93.0,88.0
2024-12-29,1440.0,03:42:04,06:45:04,29347,2286.6,6836.26,40.0,0,0,0,50.53,32.92,86.69,173.0,0.0,0.0,0.0
2024-12-30,1440.0,03:35:58,14:41:46,16267,1434.78,6804.9,37.0,52.03,29.94,72.47,54.66,18.08,104.06,593.0,286.5,74.5,115.0
2024-12-31,1440.0,,,51124,3650.42,6825.49,295.0,0,0,0,42.59,29.21,62.79,0.0,0.0,0.0,0.0
2025-01-01,1440.0,,,10651,1208.87,6636.51,8.0,0,0,0,42.35,31.89,51.19,0.0,0.0,0.0,0.0
2025-01-02,1440.0,,,2877,586.53,6655.35,0.0,0,0,0,51.14,26.47,97.49,0.0,0.0,0.0,0.0
2025-01-03,1440.0,02:50:33,12:17:40,19307,1873.07,6671.97,58.0,73.7,52.51,90.9,53.65,32.33,94.97,524.5,236.0,60.0,142.5
2025-01-04,1440.0,03:48:52,09:30:52,27210,2500.6,6878.39,112.0,87.57,71.73,103.41,32.19,25.38,51.75,341.5,190.5,78.0,73.0
2025-01-05,1440.0,,,11925,970.74,6687.91,30.0,0,0,0,45.53,19.76,110.11,0.0,0.0,0.0,0.0
2025-01-06,1440.0,03:25:15,08:41:45,25274,1982.58,6742.94,61.0,55.28,29.66,80.9,42.82,32.8,66.74,313.0,200.5,61.0,51.5
2025-01-07,1440.0,02:21:23,10:57:47,19716,1882.62,6691.35,59.0,65.67,54.44,85.07,33.89,21.71,43.44,490.0,264.0,56.5,92.0
2025-01-08,1440.0,02:16:51,07:19:51,21893,2061.66,6953.04,60.0,93.31,27.28,164.28,43.59,26.0,69.03,287.0,168.0,64.5,54.5
2025-01-09,1440.0,02:33:13,11:46:22,18019,1699.49,6668.05,89.0,70.71,70.71,70.71,39.01,26.7,52.2,542.0,255.5,55.0,100.0
2025-01-10,1440.0,04:30:48,09:29:48,18869,1650.53,6872.51,42.0,63.65,32.44,94.1,35.49,29.07,39.6,293.0,179.5,67.0,46.5
2025-01-11,1440.0,,,26562,1760.51,6609.96,80.0,0,0,0,29.94,26.06,40.54,0.0,0.0,0.0,0.0
2025-01-12,1440.0,04:03:09,12:54:19,23626,2551.63,6924.53,105.0,0,0,0,29.64,22.93,38.11,522.5,300.0,83.0,139.5
2025-01-13,1440.0,03:16:41,06:51:11,10289,197.51,6657.98,0.0,40.45,34.24,46.65,28.21,28.21,28.21,214.5,134.0,57.5,23.0
2025-01-14,1200.0,,,13012,1118.65,5178.13,103.0,0,0,0,37.19,27.27,45.85,0.0,0.0,0.0,0.0
2025-01-15,180.0,,,12060,139.43,644.59,0.0,0,0,0,30.62,27.16,34.08,0.0,0.0,0.0,0.0
2025-01-16,1440.0,01:24:51,11:37:53,19256,1802.08,6759.08,24.0,45.17,30.98,56.44,37.94,22.39,46.44,478.0,229.0,69.5,64.0
2025-01-17,1440.0,,,36801,2770.48,6790.39,180.0,0,0,0,44.64,15.59,102.04,0.0,0.0,0.0,0.0
2025-01-18,1280.17,04:00:02,09:29:32,8008,340.15,5849.18,0.0,45.74,34.61,56.87,54.18,34.21,72.87,329.0,205.5,54.5,69.0
2025-01-19,577.02,,,9693,0.0,2750.9,0.0,0,0,0,0,0,0,0.0,0.0,0.0,0.0
2025-01-20,1440.0,,,25969,1626.92,6613.87,102.0,0,0,0,48.86,18.58,155.92,0.0,0.0,0.0,0.0
2025-01-21,1440.0,04:19:47,09:29:47,27538,2433.43,6776.79,104.0,57.3,53.09,60.52,36.94,23.26,50.05,274.0,154.0,61.5,58.5
2025-01-22,1440.0,,,19812,509.53,6644.29,0.0,0,0,0,47.99,46.65,48.74,0.0,0.0,0.0,0.0
2025-01-23,1440.0,04:41:47,08:29:17,27632,2720.35,6960.65,71.0,93.8,53.13,134.48,43.89,27.14,80.23,224.5,142.0,36.0,46.5
2025-01-24,1440.0,,,33403,2198.41,6637.72,69.0,0,0,0,36.02,20.95,46.78,0.0,0.0,0.0,0.0
2025-01-25,1440.0,03:20:33,12:45:41,20678,1807.6,6682.08,74.0,58.71,39.53,80.04,33.84,16.03,49.42,519.5,260.5,68.0,128.5
2025-01-26,1440.0,,,2481,353.08,6728.16,38.0,0,0,0,15.34,15.34,15.34,0.0,0.0,0.0,0.0
2025-01-27,1440.0,04:24:42,14:05:26,5218,978.24,6576.41,0.0,61.74,49.77,88.7,41.06,22.04,93.22,547.0,356.0,70.0,121.0
2025-01-28,1440.0,02:40:57,08:30:57,11545,2234.77,6752.39,115.0,69.76,52.55,79.29,33.19,17.09,49.23,348.5,210.5,62.0,76.0
2025-01-29,1440.0,,,4135,955.84,6647.0,0.0,0,0,0,28.59,25.69,31.52,0.0,0.0,0.0,0.0
2025-01-30,1440.0,04:22:53,12:49:35,10841,2083.7,6761.92,44.0,48.59,32.85,60.83,34.75,22.11,52.05,477.5,294.0,57.0,126.5
2025-01-31,1440.0,01:47:29,11:55:25,18880,1714.85,6740.44,43.0,48.66,34.28,61.48,41.81,26.03,59.62,535.0,301.0,24.5,64.5
2025-02-01,1435.57,,,17369,1152.19,6646.16,103.0,0,0,0,25.56,17.76,35.32,0.0,0.0,0.0,0.0
2025-02-02,1440.0,02:34:30,12:13:45,17984,1655.43,6739.43,87.0,64.0,34.67,90.66,38.6,32.78,44.43,564.0,387.5,70.0,106.5
2025-02-03,1440.0,,,19090,1700.99,6716.52,47.0,0,0,0,40.68,25.94,95.8,0.0,0.0,0.0,0.0
2025-02-04,1440.0,03:32:38,11:44:19,12412,1517.01,6768.09,43.0,72.36,41.81,115.07,48.99,25.14,97.24,485.5,315.0,90.5,80.0
2025-02-05,1440.0,,,30215,2402.59,6806.43,49.0,0,0,0,39.69,34.15,44.56,0.0,0.0,0.0,0.0
2025-02-06,1440.0,04:20:28,14:00:17,16949,1522.63,6748.31,0.0,75.73,31.9,130.76,48.94,21.28,110.62,541.0,333.5,96.0,111.5
2025-02-07,1440.0,,,24064,2128.39,6723.73,38.0,0,0,0,42.22,29.78,60.39,0.0,0.0,0.0,0.0
2025-02-08,1440.0,05:39:39,11:32:39,36877,2735.91,6787.6,46.0,69.76,43.75,87.52,46.42,14.68,79.3,337.0,199.5,58.0,79.5
2025-02-09,1440.0,,,14076,1541.75,6668.64,104.0,0,0,0,38.18,25.49,48.06,0.0,0.0,0.0,0.0
2025-02-10,1440.0,03:40:46,11:30:42,25397,2339.52,6805.42,61.0,64.88,31.26,101.37,32.59,7.76,46.76,455.5,185.0,44.5,55.5
2025-02-11,1440.0,06:26:26,12:52:11,11733,1056.97,6611.79,21.0,39.9,33.4,49.32,46.75,21.51,76.12,374.0,143.0,53.5,52.5
2025-02-12,1440.0,05:16:30,11:11:31,34609,2591.33,6823.23,50.0,92.45,53.62,154.09,41.86,27.95,61.9,338.0,153.0,35.5,16.0
2025-02-13,1440.0,04:49:00,12:18:18,25815,2133.37,6668.14,34.0,76.65,35.75,103.83,42.33,24.52,65.28,428.5,267.0,77.5,84.0
2025-02-14,1440.0,05:12:10,08:29:40,24989,2121.18,6784.9,43.0,85.53,85.53,85.53,40.83,18.5,74.09,192.0,116.0,54.0,22.0
2025-02-15,1440.0,,,1630,711.56,6604.15,0.0,0,0,0,36.02,22.02,49.96,0.0,0.0,0.0,0.0
2025-02-16,1440.0,03:08:35,12:25:30,10027,1038.55,6706.3,28.0,63.51,23.71,106.35,36.48,26.25,53.64,541.5,303.5,94.0,144.0
2025-02-17,1440.0,03:41:24,09:46:54,33040,2536.99,6724.98,190.0,69.79,39.68,110.11,45.36,25.83,81.36,362.0,232.0,53.5,76.5
2025-02-18,1440.0,06:31:09,12:46:33,11572,1608.63,6729.65,0.0,64.03,54.29,73.78,50.14,24.29,126.76,358.0,154.5,36.0,35.0
2025-02-19,1440.0,03:20:50,12:29:12,20021,1881.81,6755.3,130.0,64.41,34.32,111.46,38.86,20.64,61.9,538.0,335.0,73.0,130.0
2025-02-20,1440.0,03:59:12,11:50:51,25775,2172.56,6766.58,108.0,53.07,30.95,74.41,31.27,20.54,40.58,437.5,261.0,93.5,83.0
2025-02-21,1439.83,,,15069,1925.69,6799.13,46.0,0,0,0,40.72,20.72,68.83,0.0,0.0,0.0,0.0
2025-02-22,1440.0,03:48:29,12:32:48,17917,1524.68,6688.55,48.0,45.46,24.86,69.98,38.79,25.57,62.89,511.0,377.0,56.5,77.5
2025-02-23,1440.0,06:06:06,15:03:06,7749,960.35,6722.35,0.0,40.14,23.61,54.04,40.84,24.03,58.76,525.0,343.0,54.5,127.5
2025-02-24,1440.0,,,19161,1886.25,6736.93,39.0,0,0,0,49.38,35.88,71.94,0.0,0.0,0.0,0.0
2025-02-25,1440.0,03:27:09,10:14:39,31852,2682.56,6779.3,163.0,52.89,39.02,63.95,48.88,24.55,115.57,395.0,254.5,59.0,81.5
2025-02-26,1440.0,06:19:16,10:15:36,19376,2122.03,6745.34,202.0,0,0,0,26.61,18.13,32.77,220.5,0.0,0.0,0.0
2025-02-27,1440.0,02:09:09,08:30:09,25899,2221.6,6832.47,114.0,33.69,21.13,42.65,38.71,24.47,63.1,379.0,253.5,39.0,86.5
2025-02-28,1440.0,,,5185,524.18,6600.34,0.0,0,0,0,37.17,20.51,50.96,0.0,0.0,0.0,0.0
2025-03-01,1440.0,01:48:49,11:06:59,26594,2209.08,6810.25,204.0,62.46,44.54,80.02,42.51,26.68,61.89,498.5,259.0,69.5,107.0
2025-03-02,1440.0,,,17061,1889.24,6697.14,34.0,0,0,0,40.99,26.48,51.35,0.0,0.0,0.0,0.0
2025-03-03,1440.0,01:59:07,09:27:09,30317,2475.67,6806.27,142.0,54.88,41.23,63.71,38.06,23.33,63.62,431.0,204.0,43.5,76.0
2025-03-04,1440.0,,,15349,1129.57,6703.86,7.0,0,0,0,35.32,23.55,41.06,0.0,0.0,0.0,0.0
2025-03-05,1440.0,01:55:16,08:04:16,21522,1939.05,6782.68,152.0,46.9,29.36,73.75,51.31,36.24,97.73,369.0,225.5,48.5,95.0
2025-03-06,1440.0,02:57:02,07:31:02,29348,2744.09,6812.23,97.0,38.05,24.3,51.79,49.62,28.34,110.02,274.0,167.5,44.5,62.0
2025-03-07,1440.0,,,24338,2154.56,6734.06,60.0,0,0,0,41.03,24.35,57.92,0.0,0.0,0.0,0.0
2025-03-08,1440.0,00:39:59,10:31:18,11766,1313.88,6695.07,0.0,53.44,40.88,70.72,47.3,37.28,72.34,539.5,232.0,62.5,76.5
2025-03-09,1434.2,02:06:25,07:31:55,19843,1599.7,6641.77,87.0,36.45,31.52,41.85,41.51,21.89,64.02,325.5,224.0,37.5,64.0
2025-03-10,1440.0,03:16:53,07:30:53,38790,2932.11,6872.23,198.0,52.4,39.91,64.9,36.23,27.02,52.44,250.0,157.0,58.0,35.0
2025-03-11,1440.0,03:02:53,07:59:23,37809,2997.3,6775.4,312.0,78.93,78.93,78.93,47.64,25.4,98.07,293.0,205.0,43.0,45.0
2025-03-12,1440.0,,,19972,1817.0,6753.15,94.0,0,0,0,57.91,37.75,73.27,0.0,0.0,0.0,0.0
2025-03-13,1440.0,01:30:16,10:53:23,9146,1392.77,6857.45,54.0,59.44,31.42,95.01,54.19,41.72,72.11,522.0,293.5,37.0,64.0
2025-03-14,1440.0,04:10:00,11:32:21,22519,1769.24,6634.84,126.0,59.45,43.3,77.75,41.12,21.77,63.08,434.0,226.0,121.5,86.5
2025-03-15,1440.0,03:30:34,10:33:08,1435,1051.85,6759.06,0.0,51.89,47.14,57.76,44.85,19.9,89.46,420.0,136.5,59.5,86.5
2025-03-16,1440.0,02:09:35,07:30:05,14569,1229.19,6790.74,5.0,39.14,20.72,55.75,40.93,28.65,56.2,316.5,207.5,54.0,55.0
2025-03-17,1440.0,01:38:30,10:11:33,21524,1964.82,6653.44,129.0,46.81,20.88,68.61,32.86,23.78,42.87,493.0,250.0,27.5,71.0
2025-03-18,1440.0,03:57:01,09:05:31,22603,2078.12,6787.51,71.0,65.58,46.73,93.26,44.06,23.0,87.29,295.0,217.5,30.0,47.5
2025-03-19,1440.0,02:22:11,08:00:11,22519,2128.07,6815.31,60.0,55.7,32.86,73.65,25.92,15.49,34.93,336.0,213.5,51.5,71.0
2025-03-20,1440.0,02:20:41,08:35:41,26430,2185.63,6710.07,88.0,55.72,23.95,115.06,38.22,33.39,44.93,372.5,216.5,56.0,100.0
2025-03-21,1440.0,,,16662,1437.86,6667.44,0.0,0,0,0,0,0,0,0.0,0.0,0.0,0.0
2025-03-22,1440.0,04:02:00,13:08:07,14157,1489.2,6678.79,0.0,0,0,0,39.45,25.66,61.34,528.5,346.5,98.5,83.5
2025-03-23,1440.0,04:04:43,12:34:29,19127,1336.12,6756.52,59.0,42.89,38.96,45.19,31.1,20.95,44.13,504.5,263.5,103.5,137.5
2025-03-24,1440.0,06:16:41,09:58:15,39574,3932.41,6722.44,235.0,46.84,35.21,58.48,46.6,21.31,130.33,185.5,0.0,0.0,0.0
2025-03-25,1440.0,04:03:39,12:05:23,18892,794.58,6683.65,0.0,77.69,63.95,96.26,33.32,30.75,35.9,475.5,245.5,108.0,122.0
2025-03-26,1440.0,,,10436,888.38,6664.94,0.0,0,0,0,37.34,20.84,58.23,0.0,0.0,0.0,0.0
2025-03-27,1440.0,03:44:20,10:31:40,18952,2145.62,6821.8,106.0,71.21,50.74,111.77,41.71,16.91,73.47,398.0,154.5,49.0,56.0
2025-03-28,1440.0,,,18904,1737.88,6761.45,53.0,0,0,0,41.06,21.5,60.33,0.0,0.0,0.0,0.0
2025-03-29,1440.0,01:02:47,11:21:00,19588,1743.98,6691.91,50.0,37.32,14.36,65.62,44.33,24.95,64.87,599.0,343.5,123.5,132.0
2025-03-30,1440.0,05:44:21,10:47:51,13233,888.38,6687.18,20.0,95.72,72.27,119.17,44.51,26.78,70.92,303.5,152.0,69.0,82.5
2025-03-31,1440.0,05:13:51,13:10:34,7253,1279.01,6807.93,1.0,57.98,21.27,100.16,47.27,32.04,56.86,424.0,182.5,37.5,73.0
2025-04-01,1440.0,04:29:52,14:30:22,10392,1232.34,6890.1,18.0,62.24,42.29,85.88,35.37,20.28,43.66,585.5,363.0,113.5,109.0
2025-04-02,1440.0,04:59:22,14:59:36,9624,984.09,6560.99,0.0,73.54,69.05,78.1,49.19,32.14,62.36,580.0,230.5,75.0,99.0
2025-04-03,1440.0,06:50:23,13:30:01,13376,1379.09,6693.92,18.0,60.3,39.31,81.83,59.08,36.4,114.59,384.5,155.5,52.0,45.5
2025-04-04,1440.0,06:19:34,15:54:34,7072,1072.23,6783.07,0.0,64.98,44.72,99.06,50.39,24.45,90.56,558.0,356.5,62.0,139.5
2025-04-05,1440.0,04:52:04,13:41:09,10360,1453.37,6706.0,0.0,52.07,41.91,73.74,42.59,25.81,68.01,445.5,150.5,36.0,26.5
2025-04-06,1440.0,05:01:13,11:35:13,6137,1393.4,6738.04,0.0,54.49,43.57,65.4,25.08,19.96,30.38,390.5,208.0,77.5,105.0
2025-04-07,1440.0,,,14487,1751.63,6779.44,0.0,0,0,0,39.11,22.93,61.74,0.0,0.0,0.0,0.0
2025-04-08,1440.0,06:40:20,16:14:24,15637,1606.31,6710.41,0.0,58.42,36.14,84.18,36.5,20.74,49.46,550.5,406.0,59.0,85.5
2025-04-09,1440.0,,,18981,1738.72,6732.04,22.0,0,0,0,42.04,28.51,64.55,0.0,0.0,0.0,0.0
2025-04-10,1440.0,04:04:20,12:00:20,18637,1895.27,6801.47,54.0,56.79,50.58,65.49,40.95,19.26,52.75,467.0,331.5,59.0,76.5
2025-04-11,1436.23,06:16:56,11:59:26,1305,358.36,6587.13,0.0,68.33,53.73,82.94,37.14,23.44,47.82,338.0,220.5,42.5,75.0
2025-04-12,1440.0,,,18793,1900.28,6727.05,82.0,0,0,0,32.69,12.99,53.42,0.0,0.0,0.0,0.0
2025-04-13,1440.0,04:53:49,15:35:09,6805,1279.13,6804.65,0.0,56.3,42.38,76.28,37.31,20.45,58.86,608.0,403.5,63.5,141.0
2025-04-14,1291.68,,,609,227.04,5954.95,0.0,0,0,0,31.55,29.72,33.38,0.0,0.0,0.0,0.0
2025-04-15,1440.0,06:35:46,13:37:46,1728,601.03,6576.6,0.0,59.88,43.28,83.12,38.59,28.57,48.33,418.0,253.0,63.5,101.5
2025-04-16,1440.0,03:00:05,08:40:05,30863,2605.64,6818.2,134.0,49.81,35.32,76.99,37.89,21.48,79.15,339.5,248.5,39.5,51.5
2025-04-17,1440.0,,,16918,937.65,6653.03,0.0,0,0,0,37.29,27.99,43.95,0.0,0.0,0.0,0.0
2025-04-18,1440.0,05:41:40,15:31:53,21744,1863.28,6755.31,0.0,58.66,51.93,65.11,41.84,26.06,49.98,520.5,334.0,75.5,111.0
2025-04-19,960.0,06:49:32,14:18:29,1697,575.59,4361.13,0.0,73.19,42.0,128.07,50.7,40.38,68.21,366.5,183.0,70.0,49.0
2025-04-20,1115.77,,,9987,0.0,5226.71,0.0,0,0,0,0,0,0,0.0,0.0,0.0,0.0
2025-04-21,1440.0,,,16325,544.28,6515.6,0.0,0,0,0,30.98,23.02,38.95,0.0,0.0,0.0,0.0
2025-04-22,1440.0,06:12:49,15:06:47,17476,2023.82,6838.31,0.0,59.21,45.57,79.97,36.52,21.37,45.4,511.0,116.5,49.0,21.0
2025-04-23,1440.0,,,8077,346.73,6645.55,0.0,0,0,0,48.89,42.32,55.6,0.0,0.0,0.0,0.0
2025-04-24,1440.0,,,22727,2310.14,6739.6,183.0,0,0,0,26.67,20.85,33.2,0.0,0.0,0.0,0.0
2025-04-25,1440.0,05:56:52,08:57:22,31948,2662.92,6838.81,136.0,30.92,30.32,31.53,35.83,27.21,62.83,179.0,0.0,0.0,0.0
2025-04-26,1436.4,,,25368,1515.65,6588.35,0.0,0,0,0,37.15,28.78,43.86,0.0,0.0,0.0,0.0
2025-04-27,1440.0,08:10:23,13:35:23,8647,1199.33,6747.99,0.0,50.64,46.64,53.9,40.34,18.86,60.81,321.5,202.0,61.0,58.5
2025-04-28,1440.0,02:33:05,17:18:17,7378,1059.8,6714.51,9.0,47.22,29.94,62.36,35.28,24.8,44.41,539.0,192.5,67.0,98.0
2025-04-29,1440.0,,,6827,459.68,6698.0,0.0,0,0,0,27.28,27.28,27.28,0.0,0.0,0.0,0.0
2025-04-30,1440.0,06:38:52,14:04:37,16992,1557.61,6712.34,0.0,68.58,60.69,75.76,32.89,23.64,50.87,420.5,172.5,43.0,45.5
2025-05-01,1440.0,09:25:34,12:32:34,23729,2347.09,6791.69,10.0,85.69,69.39,102.0,31.02,16.76,47.38,184.5,120.0,39.0,25.5
2025-05-02,1440.0,06:41:19,14:56:19,8470,1004.14,6699.92,0.0,71.91,26.32,114.09,32.46,21.25,69.77,485.0,267.5,88.5,129.0
2025-05-03,1440.0,07:41:43,14:43:13,13864,1443.45,6662.17,0.0,44.12,26.63,64.69,39.45,31.1,51.25,414.0,255.0,66.0,93.0
2025-05-04,1440.0,07:24:30,14:03:30,10736,1280.03,6740.24,0.0,50.08,37.55,68.56,44.19,23.56,70.99,398.0,238.0,58.5,101.5
2025-05-05,1440.0,,,10958,1267.58,6681.73,19.0,0,0,0,28.85,21.34,34.87,0.0,0.0,0.0,0.0
2025-05-06,1440.0,06:09:18,12:13:37,45332,3255.61,6841.35,138.0,42.47,39.55,45.39,30.44,7.95,51.26,336.5,0.0,0.0,0.0
2025-05-07,1440.0,01:20:02,11:11:43,24459,1992.77,6766.84,57.0,68.22,15.73,89.43,46.31,15.19,111.15,477.0,163.5,57.5,93.0
2025-05-08,1440.0,,,18201,1492.94,6645.61,53.0,0,0,0,40.28,28.33,61.9,0.0,0.0,0.0,0.0
2025-05-09,1440.0,,,12527,1351.78,6765.22,0.0,0,0,0,38.48,26.15,60.35,0.0,0.0,0.0,0.0
2025-05-10,1440.0,10:22:47,14:28:47,28458,2330.71,6779.13,0.0,46.25,36.9,55.59,41.58,21.23,66.53,243.0,119.0,59.5,64.5
2025-05-11,1440.0,05:51:06,16:55:37,6085,945.91,6651.75,0.0,71.75,45.26,99.31,43.83,28.5,64.86,642.0,311.5,64.5,136.0
2025-05-12,1440.0,,,21899,1940.22,6850.24,36.0,0,0,0,37.91,32.61,46.42,0.0,0.0,0.0,0.0
2025-05-13,1440.0,,,16122,1570.26,6747.8,10.0,0,0,0,35.07,27.61,46.74,0.0,0.0,0.0,0.0
2025-05-14,1440.0,05:34:49,16:28:06,8232,959.59,6611.68,0.0,63.85,47.13,76.05,42.88,30.15,53.81,631.5,404.0,103.0,124.5
2025-05-15,1440.0,05:42:48,16:18:52,26170,2056.31,6787.7,17.0,88.62,27.19,187.96,32.02,17.64,45.76,577.0,170.5,45.5,66.5
2025-05-16,1440.0,07:04:16,19:06:11,16959,1537.72,6689.95,0.0,52.51,39.92,62.3,32.44,13.56,57.73,578.0,403.0,54.5,120.5
2025-05-17,1440.0,,,16592,1431.02,6720.54,0.0,0,0,0,40.84,23.69,55.21,0.0,0.0,0.0,0.0
2025-05-18,1440.0,08:37:27,19:22:38,10385,1410.57,6742.65,0.0,48.23,47.92,48.55,42.19,19.4,53.66,463.0,167.5,44.5,32.0
2025-05-19,1440.0,,,17470,1430.59,6691.87,0.0,0,0,0,45.41,33.14,63.46,0.0,0.0,0.0,0.0
2025-05-20,1440.0,11:06:02,12:28:02,25090,2410.25,6807.06,24.0,48.68,48.68,48.68,38.16,19.64,60.66,81.5,0.0,0.0,0.0
2025-05-21,1440.0,05:30:20,15:08:48,14798,1587.74,6724.44,16.0,59.81,26.63,91.56,38.24,25.28,65.12,540.0,342.5,105.0,92.5
2025-05-22,1440.0,05:13:19,12:58:37,18742,1699.48,6687.24,0.0,55.88,27.55,71.06,45.87,23.01,86.28,432.5,187.5,53.5,42.5
2025-05-23,1440.0,03:50:27,11:25:14,13325,817.01,6648.37,0.0,58.71,36.4,90.06,24.58,17.84,31.31,444.5,196.0,81.0,88.0
2025-05-24,1440.0,06:13:39,13:20:47,15145,1837.9,6822.84,0.0,54.06,31.57,76.54,42.63,23.24,123.5,384.0,213.0,107.0,64.0
2025-05-25,1440.0,06:57:43,17:57:37,12967,1548.77,6779.65,0.0,58.22,20.66,86.4,38.31,26.69,53.59,598.5,263.5,51.5,104.5
2025-05-26,1440.0,07:02:52,16:00:35,25804,2141.86,6645.74,0.0,77.38,33.45,148.6,39.77,25.56,57.86,527.5,220.0,58.0,74.0
2025-05-27,1440.0,,,16937,1571.97,6757.19,12.0,0,0,0,37.3,26.83,42.19,0.0,0.0,0.0,0.0
2025-05-28,1440.0,06:32:59,18:53:18,5717,473.05,6644.57,0.0,56.64,39.21,70.14,33.11,28.11,38.87,718.5,529.0,66.0,123.5
2025-05-29,1440.0,04:14:05,15:34:51,7864,832.34,6683.47,0.0,79.32,45.28,103.3,39.19,32.87,47.39,629.5,230.0,54.5,51.5
2025-05-30,1440.0,00:27:58,12:06:00,17432,1714.55,6723.26,33.0,28.01,17.84,37.89,41.08,31.01,57.93,635.5,336.0,58.5,121.5
2025-05-31,1440.0,07:15:48,16:34:07,6352,512.2,6628.66,0.0,64.08,43.48,117.44,28.2,24.01,33.81,482.0,157.5,27.0,24.5
2025-06-01,1440.0,,,1564,561.14,6650.9,0.0,0,0,0,38.83,24.66,76.76,0.0,0.0,0.0,0.0
2025-06-02,1440.0,05:39:28,11:14:43,25254,2184.37,6733.58,69.0,39.44,36.69,42.18,49.02,36.06,91.69,326.5,131.0,62.0,65.5
2025-06-03,1440.0,07:16:07,13:34:53,12409,905.21,6627.49,0.0,37.13,28.85,44.96,31.01,21.63,40.7,371.0,122.5,42.5,43.5
2025-06-04,1440.0,08:35:14,19:05:21,23852,2058.46,6742.17,0.0,51.58,26.1,77.56,34.11,20.54,49.06,605.0,414.0,59.0,132.0
2025-06-05,1440.0,06:48:44,17:07:33,8665,873.5,6712.78,0.0,58.63,27.62,102.64,36.84,31.08,47.54,574.5,433.5,67.5,73.5
2025-06-06,1440.0,02:30:45,09:55:15,9203,483.49,6757.19,0.0,45.27,38.59,53.37,27.92,25.79,30.06,429.5,322.5,37.0,70.0
2025-06-07,1440.0,,,2222,408.84,6477.29,0.0,0,0,0,45.31,19.39,111.38,0.0,0.0,0.0,0.0
2025-06-08,1440.0,00:46:15,13:33:23,1871,733.37,6654.99,0.0,38.75,26.19,50.01,37.87,20.44,70.14,436.0,141.0,54.0,61.5
2025-06-09,1440.0,02:29:00,12:57:30,14606,1535.11,6780.59,0.0,43.09,28.83,57.87,27.11,20.11,39.32,601.0,276.0,73.5,87.0
2025-06-10,1440.0,01:46:30,09:01:00,23754,1866.43,6671.12,18.0,57.63,32.1,74.66,33.56,23.22,47.41,416.5,304.0,60.0,52.5
2025-06-11,1440.0,06:33:50,13:47:37,8663,1506.84,6758.42,0.0,77.63,41.67,113.59,51.82,21.5,161.51,397.0,117.0,65.0,43.0
2025-06-12,1440.0,05:42:04,13:55:04,3600,608.6,6645.12,0.0,39.55,20.94,58.15,49.41,42.31,55.55,483.0,300.0,75.5,107.5
2025-06-13,1440.0,03:02:15,11:32:14,1473,671.14,6622.68,0.0,63.24,49.62,80.69,38.26,23.09,70.95,494.0,295.5,39.0,77.0
2025-06-14,1440.0,04:44:15,14:16:24,8060,991.81,6614.71,0.0,0,0,0,47.4,19.95,113.24,560.0,382.5,58.0,119.5
2025-06-15,1440.0,06:13:50,11:03:20,16797,1746.84,6728.55,19.0,42.49,21.06,63.92,36.24,11.51,53.66,279.0,167.0,45.5,66.5
2025-06-16,1440.0,01:56:56,09:57:56,7500,1063.42,6721.55,0.0,51.96,17.23,82.7,31.91,21.95,47.59,472.0,319.0,61.5,91.5
2025-06-17,1440.0,05:18:17,12:34:18,1816,927.24,6634.06,0.0,48.27,36.98,61.82,36.63,17.7,58.15,390.5,121.0,94.5,64.5
2025-06-18,1440.0,04:35:47,08:08:47,25385,1700.65,6730.39,9.0,62.8,62.8,62.8,33.87,20.58,52.49,191.0,114.5,44.5,32.0
2025-06-19,1440.0,05:35:30,13:59:55,26360,2235.33,6752.37,0.0,52.64,23.0,69.6,26.49,14.42,36.27,340.5,156.0,46.5,66.5
2025-06-20,1440.0,07:07:23,10:18:53,14472,1630.5,6780.16,0.0,25.57,25.57,25.57,27.17,8.6,49.5,191.5,107.0,62.0,22.5
2025-06-21,1440.0,05:33:27,14:51:22,24228,2007.28,6656.13,0.0,62.47,25.66,90.36,36.07,17.49,54.37,547.0,317.5,97.0,132.5
2025-06-22,1440.0,,,19828,2052.13,6745.12,25.0,0,0,0,33.77,24.44,47.62,0.0,0.0,0.0,0.0
2025-06-23,1440.0,05:49:42,15:51:37,13786,1287.86,6671.11,0.0,48.46,30.17,70.2,30.38,22.17,41.24,594.0,369.5,104.5,120.0
2025-06-24,762.65,,,20277,1048.24,3353.43,0.0,0,0,0,32.13,23.13,41.3,0.0,0.0,0.0,0.0
2025-06-25,1440.0,05:59:00,13:59:42,26011,2559.85,6771.63,0.0,80.39,32.25,140.31,34.01,25.02,44.01,453.5,284.5,55.0,114.0
2025-06-26,1440.0,05:08:49,09:57:19,30569,2627.14,6843.28,44.0,48.16,34.83,66.72,38.04,25.51,54.1,285.0,179.0,46.5,59.5
2025-06-27,1440.0,04:11:27,06:00:27,15110,1867.68,6698.78,63.0,84.64,84.64,84.64,29.14,17.73,42.64,105.0,0.0,0.0,0.0
2025-06-28,1440.0,,,14565,406.55,6655.35,0.0,0,0,0,44.85,20.36,82.6,0.0,0.0,0.0,0.0
2025-06-29,1440.0,07:23:08,14:20:38,13165,1219.6,6678.2,121.0,57.71,34.29,82.27,31.42,16.51,70.63,414.0,291.5,14.0,108.5
2025-06-30,1440.0,05:50:23,13:29:53,21903,1802.73,6780.82,23.0,80.02,51.2,132.12,28.63,18.99,43.01,451.0,296.5,61.0,93.5
2025-07-01,1440.0,20:11:22,23:27:22,6690,709.72,6618.1,0.0,19.8,13.28,26.32,27.92,21.64,44.26,193.5,176.5,8.5,8.5
2025-07-02,1440.0,03:08:01,14:07:31,8310,1015.11,6632.7,2.0,23.71,11.88,34.87,21.46,11.17,28.89,592.0,462.5,50.0,79.5
2025-07-03,1440.0,06:07:01,13:31:01,10887,887.14,6600.11,12.0,41.7,35.54,49.35,25.1,18.49,37.07,404.5,255.0,59.0,90.5
2025-07-04,1440.0,05:53:18,09:11:48,22359,1927.33,6746.75,264.0,27.21,27.21,27.21,36.42,28.17,52.93,189.0,151.0,18.5,19.5
2025-07-05,1440.0,,,12679,1209.88,6713.7,168.0,0,0,0,38.28,24.89,73.69,0.0,0.0,0.0,0.0
2025-07-06,1440.0,03:10:38,10:51:08,7343,806.17,6581.18,48.0,56.22,24.17,87.59,47.23,25.82,82.01,383.0,272.0,51.5,59.5
2025-07-07,740.93,06:05:07,12:26:37,15613,816.47,3445.22,0.0,71.48,66.33,79.82,24.73,15.24,34.4,372.0,257.5,36.5,78.0
2025-07-08,90.0,,,15264,200.38,362.38,0.0,0,0,0,25.58,25.58,25.58,0.0,0.0,0.0,0.0
2025-07-09,1440.0,06:11:29,13:29:59,7210,1269.86,6642.41,0.0,73.96,39.21,108.99,31.79,20.04,57.24,399.0,232.0,51.5,115.5
2025-07-10,1440.0,21:03:58,22:26:58,13659,1332.16,6720.13,35.0,0,0,0,42.53,23.97,75.96,83.0,0.0,0.0,0.0
2025-07-11,1440.0,08:13:58,12:41:58,18363,1793.5,6691.01,44.0,48.68,48.24,49.11,37.3,16.92,55.63,237.0,153.5,49.5,34.0
2025-07-12,1440.0,,,23895,1865.63,6760.72,15.0,0,0,0,22.31,14.56,28.16,0.0,0.0,0.0,0.0
2025-07-13,1440.0,08:44:29,13:29:59,16723,2012.84,6740.62,245.0,33.81,33.44,34.19,45.86,22.04,90.41,277.5,170.5,43.5,63.5
2025-07-14,1440.0,05:30:44,13:30:44,12114,1500.21,6755.09,55.0,62.47,57.16,69.2,41.98,28.91,59.08,420.0,241.0,82.0,97.0
2025-07-15,1440.0,07:45:53,09:40:53,11821,1790.38,6770.1,168.0,63.86,63.86,63.86,39.38,22.53,61.88,105.0,0.0,0.0,0.0
2025-07-16,1440.0,04:10:11,12:31:41,4907,783.81,6643.06,73.0,92.6,49.91,184.28,42.94,14.2,65.8,483.5,366.0,30.5,87.0
2025-07-17,1440.0,06:37:24,13:29:24,11052,1315.78,6570.55,55.0,74.36,46.2,94.89,47.9,30.61,69.18,399.5,221.0,56.0,122.5
2025-07-18,1440.0,07:27:54,15:56:36,7607,989.62,6681.93,15.0,61.35,41.17,82.67,41.92,21.92,71.52,422.5,196.5,48.5,97.0
2025-07-19,1440.0,,,14642,563.48,6639.99,0.0,0,0,0,28.06,22.07,32.87,0.0,0.0,0.0,0.0
2025-07-20,1440.0,06:18:09,13:31:09,18055,2174.25,6670.62,129.0,54.38,48.98,60.72,32.99,19.81,51.96,428.0,228.0,78.5,121.5
2025-07-21,1440.0,,,14317,470.08,6674.81,0.0,0,0,0,27.84,23.51,32.18,0.0,0.0,0.0,0.0
2025-07-22,1440.0,06:14:30,12:12:30,7664,861.85,6509.2,0.0,66.67,38.03,98.08,43.8,24.76,60.94,349.0,225.0,50.5,73.5
2025-07-23,1440.0,08:10:07,13:26:37,21769,1920.77,6763.83,40.0,33.11,31.63,34.59,39.09,20.66,70.35,310.0,187.0,50.0,73.0
2025-07-24,1440.0,11:33:35,13:34:35,19537,1822.13,6615.63,61.0,132.16,132.16,132.16,35.43,24.46,53.22,118.0,0.0,0.0,0.0
2025-07-25,1440.0,,,16596,1674.93,6685.73,33.0,0,0,0,32.01,18.09,52.46,0.0,0.0,0.0,0.0
2025-07-26,1398.37,00:07:47,02:18:17,14398,1796.84,6489.58,17.0,55.14,43.55,66.74,41.47,26.36,60.36,110.0,0.0,0.0,0.0
2025-07-27,1285.42,07:17:26,13:35:47,6471,1084.36,5919.33,0.0,71.32,53.47,104.16,39.06,22.67,67.33,305.5,0.0,0.0,0.0
2025-07-28,1380.0,01:31:46,06:57:16,27588,2273.15,6493.24,50.0,46.95,22.41,61.44,32.5,17.17,51.45,313.0,189.0,43.5,80.5
2025-07-29,1440.0,01:54:41,07:48:11,15443,1706.31,6837.97,38.0,25.1,18.68,29.98,32.05,20.13,43.27,351.0,221.0,81.5,48.5
2025-07-30,1440.0,,,31447,2149.66,6629.28,124.0,0,0,0,33.17,23.04,39.93,0.0,0.0,0.0,0.0
2025-07-31,1440.0,00:59:02,13:40:59,20546,1709.83,6655.36,15.0,51.1,48.29,52.62,53.44,24.99,129.77,494.5,241.0,60.0,121.0
2025-08-01,1440.0,23:05:37,23:50:37,10059,1096.42,6730.3,17.0,0,0,0,32.84,24.83,47.2,45.0,17.5,27.5,0.0
2025-08-02,1440.0,23:50:37,10:42:59,18706,1642.77,6699.1,15.0,65.69,46.68,98.29,32.42,21.11,42.84,589.0,291.0,20.5,129.5
2025-08-03,1440.0,04:14:52,10:19:47,17574,1721.21,6639.51,0.0,40.33,23.71,50.7,34.71,7.85,66.51,291.0,128.0,49.0,30.0
2025-08-04,1440.0,00:39:54,07:23:54,25081,2418.37,6759.28,5.0,46.34,37.44,56.84,34.18,25.24,50.21,344.0,227.5,35.5,81.0
2025-08-05,1440.0,01:27:07,11:02:15,18021,1836.19,6676.98,29.0,65.3,34.47,91.6,30.09,16.56,56.21,557.5,229.5,56.5,132.5
2025-08-06,1440.0,,,7959,1039.82,6700.27,0.0,0,0,0,27.65,24.28,32.65,0.0,0.0,0.0,0.0
2025-08-07,1440.0,03:04:20,09:57:50,21282,2021.32,6728.81,47.0,64.55,26.17,102.93,25.81,21.05,32.38,413.5,252.5,65.5,95.5
2025-08-08,1436.93,04:26:32,07:26:02,19622,1461.78,6679.99,30.0,0,0,0,35.99,21.47,59.93,179.0,0.0,0.0,0.0
2025-08-09,1440.0,00:17:58,07:14:28,23291,1910.0,6737.95,0.0,36.49,16.6,53.62,27.77,16.78,35.46,392.0,277.5,35.5,79.0
2025-08-10,1440.0,02:46:46,10:49:22,24924,1913.46,6642.61,22.0,49.24,24.44,75.55,24.81,16.45,36.75,460.0,193.5,57.5,67.0
2025-08-11,1440.0,03:14:56,07:15:56,36430,2883.44,6745.52,71.0,36.4,18.77,62.77,31.18,13.86,50.99,241.0,133.0,50.0,58.0
2025-08-12,420.0,,,22227,670.85,1689.36,0.0,0,0,0,29.47,17.4,41.55,0.0,0.0,0.0,0.0
2025-08-13,0.0,,,9291,0.0,0.0,0.0,0,0,0,0,0,0,0.0,0.0,0.0,0.0
2025-08-14,600.0,,,17274,1546.14,2875.28,40.0,0,0,0,28.51,15.43,41.81,0.0,0.0,0.0,0.0
2025-08-15,1440.0,02:22:52,09:08:22,17131,1682.47,6774.42,0.0,26.08,15.53,34.95,41.67,20.04,67.27,376.5,216.0,48.5,112.0
2025-08-16,130.77,,,11471,216.85,556.69,0.0,0,0,0,0,0,0,0.0,0.0,0.0,0.0
2025-08-17,1398.07,,,6174,0.0,6577.66,0.0,0,0,0,0,0,0,0.0,0.0,0.0,0.0
2025-08-18,1440.0,02:17:06,07:14:36,18821,1795.78,6537.53,25.0,34.36,23.04,50.1,45.89,30.44,56.66,297.5,175.0,43.5,79.0
2025-08-19,1440.0,02:33:44,12:12:15,18904,1911.41,6732.07,0.0,48.68,29.34,83.89,32.6,29.26,36.07,520.0,224.5,70.5,95.0
2025-08-20,1440.0,05:10:14,11:25:08,14676,1905.19,6873.59,0.0,62.81,44.74,85.54,28.8,13.77,35.27,363.0,144.5,53.0,44.5
2025-08-21,1440.0,,,5387,3.59,6453.22,0.0,0,0,0,0,0,0,0.0,0.0,0.0,0.0
2025-08-22,1440.0,,,26696,2025.29,6716.03,82.0,0,0,0,47.93,28.06,73.23,0.0,0.0,0.0,0.0
2025-08-23,1440.0,02:50:33,11:26:26,21204,1229.56,6781.59,42.0,85.17,55.71,103.03,56.16,16.27,121.24,496.0,285.5,89.5,121.0
2025-08-24,1440.0,,,19930,1238.3,6457.72,1.0,0,0,0,32.17,29.39,35.18,0.0,0.0,0.0,0.0
2025-08-25,1440.0,03:33:19,07:14:49,14335,1810.91,6711.59,35.0,61.97,60.07,63.87,43.83,21.67,109.3,221.5,127.5,55.0,39.0
2025-08-26,1022.42,,,15744,991.42,4692.21,20.0,0,0,0,39.57,34.71,47.3,0.0,0.0,0.0,0.0
2025-08-27,0.0,,,14139,0.0,0.0,0.0,0,0,0,0,0,0,0.0,0.0,0.0,0.0
2025-08-28,0.0,,,15829,0.0,0.0,0.0,0,0,0,0,0,0,0.0,0.0,0.0,0.0
2025-08-29,720.0,,,12675,1648.45,3389.79,0.0,0,0,0,41.37,22.81,66.44,0.0,0.0,0.0,0.0
2025-08-30,1440.0,04:16:17,10:04:23,42074,3029.19,6820.04,157.0,68.98,46.88,91.08,32.79,13.17,58.61,295.0,112.0,42.0,43.0
2025-08-31,1390.47,,,3474,0.13,6361.87,0.0,0,0,0,0,0,0,0.0,0.0,0.0,0.0
2025-09-01,1440.0,03:28:40,08:47:56,22080,1659.59,6639.94,37.0,24.55,20.76,28.33,27.95,12.99,37.19,312.5,135.0,53.0,45.5
2025-09-02,1440.0,,,30303,1214.6,6555.35,0.0,0,0,0,22.37,13.47,31.81,0.0,0.0,0.0,0.0
2025-09-03,1440.0,,,31391,2614.92,6786.28,84.0,0,0,0,32.6,17.43,50.76,0.0,0.0,0.0,0.0
2025-09-04,1440.0,03:09:57,12:37:39,19162,1651.17,6735.76,109.0,69.57,23.44,87.46,33.29,20.07,61.3,522.0,232.5,44.5,82.5
2025-09-05,1440.0,02:35:40,08:57:50,19509,1874.47,6692.68,20.0,48.67,20.11,85.0,40.95,32.37,58.7,355.0,167.5,59.0,52.5
2025-09-06,1440.0,03:47:35,12:10:11,13717,579.74,6650.7,0.0,50.41,17.19,109.77,21.62,13.27,28.72,487.0,303.0,110.0,74.0
2025-09-07,1440.0,03:33:53,10:05:35,23410,1967.61,6621.42,46.0,0,0,0,32.6,10.8,48.63,384.0,132.5,65.5,35.5
2025-09-08,1440.0,03:02:43,07:12:43,34714,2851.21,6716.14,81.0,41.11,32.52,49.7,32.93,23.9,51.89,249.0,172.0,42.5,34.5
2025-09-09,1440.0,02:31:18,10:32:47,23086,1835.89,6769.47,11.0,38.6,17.26,59.48,24.31,16.14,50.91,470.5,223.5,113.5,133.5
2025-09-10,1408.83,04:22:07,09:55:07,20652,1191.25,6455.68,25.0,57.85,34.59,82.24,29.02,19.31,38.55,304.0,180.0,70.0,54.0
2025-09-11,1440.0,,,15294,650.85,6545.25,15.0,0,0,0,32.69,20.03,46.43,0.0,0.0,0.0,0.0
2025-09-12,1440.0,01:50:16,11:29:55,21344,1810.31,6661.36,18.0,65.39,22.1,120.7,28.06,16.51,46.8,477.0,256.5,135.5,85.0
2025-09-13,1440.0,04:51:46,13:46:00,19818,1795.79,6756.75,30.0,23.68,10.76,40.05,23.69,11.18,34.58,342.0,0.0,0.0,0.0
2025-09-14,1440.0,,,15057,1324.13,6712.63,40.0,0,0,0,33.23,19.86,40.87,0.0,0.0,0.0,0.0
2025-09-15,1440.0,,,40694,3325.48,6758.98,89.0,0,0,0,46.72,19.26,92.13,0.0,0.0,0.0,0.0
2025-09-16,1440.0,04:35:20,12:53:33,31118,2461.96,6772.0,26.0,61.11,30.73,90.33,45.95,23.75,116.25,482.5,190.0,42.5,82.5
2025-09-17,1440.0,05:20:31,10:30:01,31001,2454.45,6677.87,0.0,43.07,26.72,59.43,39.03,14.64,97.53,308.5,179.5,59.0,70.0
2025-09-18,1366.48,,,21375,1126.45,6287.15,0.0,0,0,0,26.79,17.8,35.78,0.0,0.0,0.0,0.0
2025-09-19,1440.0,,,17567,1332.7,6625.23,37.0,0,0,0,27.66,27.07,28.26,0.0,0.0,0.0,0.0
2025-09-20,1440.0,03:50:27,15:16:16,12355,1491.09,6755.18,0.0,54.21,43.33,66.7,43.16,21.48,100.1,600.0,373.0,88.5,138.5
2025-09-21,1440.0,05:13:58,08:45:28,9951,582.73,6618.88,0.0,39.98,33.58,46.39,38.18,21.69,68.66,211.5,109.0,49.0,53.5
2025-09-22,1440.0,01:12:16,07:14:46,18186,1902.25,6754.98,25.0,44.81,24.36,69.31,43.7,17.32,91.93,356.5,200.0,61.0,95.5
2025-09-23,1440.0,03:24:31,09:35:31,24756,2200.16,6693.25,22.0,51.02,30.73,75.48,29.11,17.88,43.05,368.0,185.5,59.5,123.0
2025-09-24,1374.37,,,2179,15.36,6510.41,0.0,0,0,0,0,0,0,0.0,0.0,0.0,0.0
2025-09-25,1440.0,02:08:23,06:45:32,27110,1883.03,6457.06,10.0,63.5,51.09,75.91,36.51,17.42,61.25,277.15,164.32,54.42,58.42
2025-09-26,1440.0,03:45:43,10:44:43,28931,2475.57,6774.53,18.0,49.95,29.39,75.87,27.09,16.2,42.06,397.03,249.68,36.98,110.37
2025-09-27,540.0,,,28501,1285.03,2270.51,0.0,0,0,0,25.44,17.85,38.71,0.0,0.0,0.0,0.0
2025-09-28,0.0,,,14990,0.0,0.0,0.0,0,0,0,0,0,0,0.0,0.0,0.0,0.0
2025-09-29,1200.0,04:31:20,11:48:22,12188,1665.02,5548.27,23.0,65.04,65.04,65.04,59.04,34.3,106.36,436.03,176.28,88.42,171.33
2025-09-30,1214.78,04:22:35,10:44:12,14988,1363.57,5589.38,63.0,50.84,35.85,63.58,43.03,16.63,65.6,371.12,207.3,71.92,91.9
2025-10-01,730.43,,,1370,0.0,3562.9,0.0,0,0,0,0,0,0,0.0,0.0,0.0,0.0
2025-10-02,1440.0,,,19153,1713.77,6550.87,16.0,0,0,0,35.26,30.98,38.21,0.0,0.0,0.0,0.0
2025-10-03,1440.0,23:10:39,23:53:37,18166,2081.65,6687.25,119.0,0,0,0,18.23,15.9,22.62,42.97,0.0,0.0,0.0
2025-10-04,660.0,23:53:37,05:06:17,25807,1004.12,2828.74,71.0,74.79,55.17,112.64,29.73,20.14,39.32,129.87,0.0,0.0,0.0
2025-10-05,0.0,,,19052,0.0,0.0,0.0,0,0,0,0,0,0,0.0,0.0,0.0,0.0
2025-10-06,360.0,,,9447,916.47,1471.93,0.0,0,0,0,40.78,31.55,50.01,0.0,0.0,0.0,0.0
2025-10-07,1410.63,05:17:43,09:15:28,15563,1933.18,6583.63,76.0,60.6,39.28,81.92,39.29,22.79,55.12,235.75,112.87,66.93,55.95
2025-10-08,782.22,,,5750,0.0,3836.97,0.0,0,0,0,0,0,0,0.0,0.0,0.0,0.0
2025-10-09,1440.0,,,25080,2032.32,6518.66,100.0,0,0,0,29.88,22.71,49.12,0.0,0.0,0.0,0.0
2025-10-10,1440.0,02:54:20,09:16:23,23737,2025.28,6601.24,9.0,56.46,38.39,74.44,29.15,15.49,58.8,368.58,195.77,46.45,126.37
2025-10-11,0.0,,,8904,0.0,0.0,0.0,0,0,0,0,0,0,0.0,0.0,0.0,0.0
2025-10-12,0.0,,,3104,0.0,0.0,0.0,0,0,0,0,0,0,0.0,0.0,0.0,0.0
2025-10-13,960.0,22:33:14,23:19:11,10965,1408.29,4464.72,52.0,40.3,40.3,40.3,39.4,26.47,49.62,45.95,15.98,29.47,0.5
2025-10-14,1374.63,23:19:11,03:14:23,26240,2378.09,6327.05,141.0,35.0,35.0,35.0,25.99,15.27,36.48,228.2,164.28,24.47,39.45
2025-10-15,540.0,,,19590,1781.06,2539.08,62.0,0,0,0,25.99,25.53,26.44,0.0,0.0,0.0,0.0
2025-10-16,1440.0,02:32:23,08:13:59,21612,2263.15,6692.2,66.0,43.19,27.06,53.5,30.96,17.68,50.51,337.62,162.82,74.92,99.88
2025-10-17,510.45,00:37:13,08:08:12,15167,32.1,2303.37,0.0,65.59,35.13,126.02,0,0,0,444.95,181.28,79.38,74.92
2025-10-18,0.0,,,2045,0.0,0.0,0.0,0,0,0,0,0,0,0.0,0.0,0.0,0.0
2025-10-19,540.0,,,10701,922.69,2322.9,17.0,0,0,0,36.46,28.44,55.48,0.0,0.0,0.0,0.0
2025-10-20,1440.0,00:09:20,06:14:55,17879,1766.79,6857.63,50.0,49.25,36.27,63.83,43.8,26.05,97.86,358.08,219.77,67.9,70.42
2025-10-21,1440.0,01:49:29,06:07:41,20884,981.05,6602.08,76.0,58.0,42.47,73.53,41.72,25.18,65.3,254.72,141.35,54.93,58.43
2025-10-22,1440.0,03:46:18,09:31:22,29711,2647.36,6665.45,146.0,78.64,57.1,100.48,44.93,21.59,78.36,345.07,180.25,64.92,99.9
2025-10-23,1200.0,04:01:05,10:02:40,17225,1339.68,5263.76,44.0,59.52,47.85,71.92,40.6,21.21,70.19,356.58,138.3,77.92,140.37
2025-10-24,793.83,,,9912,0.0,3836.97,0.0,0,0,0,0,0,0,0.0,0.0,0.0,0.0
2025-10-25,1440.0,,,16671,1952.95,6543.11,68.0,0,0,0,35.39,22.28,42.31,0.0,0.0,0.0,0.0
2025-10-26,1440.0,02:58:45,11:02:43,10968,1221.8,6828.27,11.0,61.8,46.08,75.99,37.04,27.08,51.25,482.97,319.67,43.45,119.85
2025-10-27,1440.0,,,10128,1027.8,6483.94,0.0,0,0,0,42.74,16.57,59.12,0.0,0.0,0.0,0.0
2025-10-28,1440.0,01:56:53,10:18:46,23206,2059.06,6593.78,53.0,64.45,44.45,107.45,38.76,34.47,46.91,495.88,320.1,52.45,123.33
2025-10-29,0.0,,,6092,0.0,0.0,0.0,0,0,0,0,0,0,0.0,0.0,0.0,0.0
2025-10-30,0.0,,,7659,0.0,0.0,0.0,0,0,0,0,0,0,0.0,0.0,0.0,0.0
2025-10-31,0.0,,,12324,0.0,0.0,0.0,0,0,0,0,0,0,0.0,0.0,0.0,0.0
2025-11-01,0.0,,,5488,0.0,0.0,0.0,0,0,0,0,0,0,0.0,0.0,0.0,0.0
2025-11-02,0.0,,,12193,0.0,0.0,0.0,0,0,0,0,0,0,0.0,0.0,0.0,0.0
2025-11-03,0.0,,,1732,0.0,0.0,0.0,0,0,0,0,0,0,0.0,0.0,0.0,0.0
2025-11-04,660.0,,,19541,1514.75,3228.7,20.0,0,0,0,33.3,33.3,33.3,0.0,0.0,0.0,0.0
2025-11-05,1440.0,,,24656,1990.73,6622.43,51.0,0,0,0,38.48,29.19,48.32,0.0,0.0,0.0,0.0
2025-11-06,720.0,02:50:00,09:46:52,13639,388.54,3053.74,0.0,56.5,17.87,106.97,33.74,32.68,34.8,414.52,159.85,77.88,83.88
2025-11-07,660.0,,,20221,1317.58,2971.75,26.0,0,0,0,43.3,37.76,58.82,0.0,0.0,0.0,0.0
2025-11-08,1440.0,04:49:29,11:35:02,12811,1318.96,6651.41,11.0,55.56,43.77,65.37,37.82,23.46,71.32,295.65,170.78,56.95,67.92
2025-11-09,441.1,05:01:15,07:20:35,34109,1408.2,2083.8,0.0,58.97,58.97,58.97,27.43,27.43,27.43,138.33,0.0,0.0,0.0
2025-11-10,1261.12,,,8267,0.0,6029.52,0.0,0,0,0,0,0,0,0.0,0.0,0.0,0.0
2025-11-11,1440.0,05:18:08,10:57:15,21228,1971.77,6489.23,29.0,66.05,60.51,73.7,36.94,21.82,48.54,336.12,164.83,60.92,110.37
2025-11-12,1080.0,03:39:23,09:12:57,16292,1098.35,4891.71,62.0,39.85,34.39,44.35,37.33,25.2,47.55,331.57,178.27,55.43,97.87
2025-11-13,0.0,,,4779,0.0,0.0,0.0,0,0,0,0,0,0,0.0,0.0,0.0,0.0
2025-11-14,360.0,,,14663,911.14,1490.58,0.0,0,0,0,36.29,30.73,43.94,0.0,0.0,0.0,0.0
2025-11-15,1440.0,05:12:04,13:47:25,23870,2200.88,6767.61,65.0,48.48,46.56,50.09,26.86,19.7,39.29,495.88,301.63,47.45,146.8
2025-11-16,780.0,,,4287,236.88,3541.9,0.0,0,0,0,46.41,35.96,56.87,0.0,0.0,0.0,0.0
2025-11-17,0.0,,,6843,0.0,0.0,0.0,0,0,0,0,0,0,0.0,0.0,0.0,0.0
2025-11-18,1385.38,,,16892,0.0,6577.66,0.0,0,0,0,0,0,0,0.0,0.0,0.0,0.0
2025-11-19,1440.0,05:00:37,08:47:22,41734,2654.11,6494.64,120.0,53.48,31.48,75.48,32.39,22.75,42.25,226.75,114.87,67.43,44.45
2025-11-20,473.05,,,11846,4.82,2160.76,0.0,0,0,0,0,0,0,0.0,0.0,0.0,0.0
2025-11-21,0.0,,,21604,0.0,0.0,0.0,0,0,0,0,0,0,0.0,0.0,0.0,0.0
2025-11-22,0.0,,,29744,0.0,0.0,0.0,0,0,0,0,0,0,0.0,0.0,0.0,0.0
2025-11-23,590.15,,,9009,0.0,2740.69,0.0,0,0,0,0,0,0,0.0,0.0,0.0,0.0
2025-11-24,1440.0,,,22819,1798.61,6734.16,42.0,0,0,0,29.9,25.3,35.61,0.0,0.0,0.0,0.0
2025-11-25,1440.0,03:04:51,08:16:27,25715,2297.08,6693.89,145.0,68.73,63.94,73.53,41.72,27.12,61.54,311.6,159.32,52.43,99.85
2025-11-26,280.08,00:10:53,04:43:32,4522,31.07,1273.5,0.0,109.71,54.81,164.62,0,0,0,270.65,133.82,45.95,90.88
2025-11-27,660.0,,,20150,1297.58,2995.76,94.0,0,0,0,36.48,25.21,48.24,0.0,0.0,0.0,0.0
2025-11-28,1440.0,01:52:51,08:30:20,33125,2801.84,6637.95,130.0,79.91,44.93,111.42,43.49,17.7,82.05,390.98,229.15,51.45,110.38
2025-11-29,0.0,,,9703,0.0,0.0,0.0,0,0,0,0,0,0,0.0,0.0,0.0,0.0
2025-11-30,1440.0,06:59:48,08:25:41,29648,2310.77,6540.5,279.0,67.98,67.98,67.98,34.99,14.69,65.2,70.92,0.0,0.0,0.0
2025-12-01,1440.0,02:02:47,08:23:17,5472,945.12,6710.69,30.0,49.97,44.14,55.56,38.84,29.07,55.72,380.5,223.72,36.95,119.83
2025-12-02,1440.0,04:07:18,09:45:21,5604,1130.24,6735.42,68.0,0,0,0,45.18,32.58,69.66,299.62,169.78,79.4,50.43
2025-12-03,1380.0,01:07:47,09:29:37,12521,1546.28,6434.41,84.0,43.72,35.68,49.85,40.73,27.48,56.47,493.83,320.05,33.47,140.32
2025-12-04,0.0,,,9201,0.0,0.0,0.0,0,0,0,0,0,0,0.0,0.0,0.0,0.0
2025-12-05,0.0,,,14409,0.0,0.0,0.0,0,0,0,0,0,0,0.0,0.0,0.0,0.0
2025-12-06,540.0,,,15830,1316.86,2406.08,20.0,0,0,0,23.58,23.58,23.58,0.0,0.0,0.0,0.0
2025-12-07,1440.0,02:11:28,07:54:03,14648,1555.33,6881.01,29.0,24.15,13.29,40.86,27.21,9.84,51.16,342.58,177.8,69.92,94.87
2025-12-08,1440.0,03:38:45,11:58:41,12248,1359.2,6532.87,0.0,49.77,37.58,58.2,28.88,19.07,38.71,493.93,279.2,80.4,134.33
2025-12-09,1440.0,03:57:45,13:29:05,8526,1307.64,6815.33,7.0,50.27,31.08,66.98,22.4,19.23,25.47,546.87,324.58,51.45,170.83
2025-12-10,1440.0,,,10345,1158.26,6535.22,24.0,0,0,0,25.28,8.08,40.97,0.0,0.0,0.0,0.0
2025-12-11,1440.0,01:30:19,11:01:41,16728,1597.2,6861.77,90.0,53.4,18.91,89.69,37.47,24.91,50.93,556.38,311.2,71.38,173.8
2025-12-12,1440.0,02:01:59,09:06:00,9117,1458.01,6616.25,20.0,39.43,37.36,43.36,30.42,14.65,54.08,419.02,246.72,73.42,98.88
2025-12-13,1440.0,,,26074,1575.07,6667.09,43.0,0,0,0,27.16,20.52,32.74,0.0,0.0,0.0,0.0
2025-12-14,1440.0,04:41:26,14:17:14,27580,2244.92,6671.34,18.0,58.85,48.68,75.09,38.6,11.94,95.1,561.8,342.58,60.43,158.78
2025-12-15,1440.0,03:08:25,07:01:08,20670,1076.85,6609.76,0.0,58.73,49.09,68.37,41.56,41.56,41.56,228.72,141.83,63.92,22.97
2025-12-16,1440.0,02:47:49,23:58:04,11831,1287.14,6704.72,53.0,70.22,36.43,91.62,34.97,18.84,42.8,513.87,276.15,140.82,96.9
2025-12-17,332.5,23:58:04,04:58:40,8064,16.09,1475.43,0.0,49.51,47.72,51.3,0,0,0,282.12,176.25,11.48,94.38
2025-12-18,1377.82,,,6933,0.0,6303.59,0.0,0,0,0,0,0,0,0.0,0.0,0.0,0.0
2025-12-19,1440.0,02:10:36,12:22:33,22305,1897.16,6729.07,9.0,62.39,56.13,73.88,36.53,13.86,55.81,607.47,368.15,52.95,186.37
2025-12-20,930.18,05:55:09,12:05:48,31821,1429.56,4292.55,0.0,56.91,39.42,91.41,38.46,21.36,61.44,362.65,235.75,39.98,86.92
2025-12-21,0.0,,,6569,0.0,0.0,0.0,0,0,0,0,0,0,0.0,0.0,0.0,0.0
2025-12-22,180.0,,,6104,101.98,651.73,0.0,0,0,0,25.15,25.15,25.15,0.0,0.0,0.0,0.0
2025-12-23,1440.0,02:47:09,11:44:04,32227,3076.11,6861.87,270.0,67.06,35.5,107.18,29.82,18.75,39.99,519.95,322.67,66.42,130.87
2025-12-24,1440.0,01:59:20,09:10:50,17573,1491.77,6448.67,7.0,37.14,20.99,45.54,34.24,22.02,50.09,424.0,249.73,75.9,98.37
2025-12-25,682.6,07:28:51,11:24:04,21532,1314.14,3081.57,0.0,49.74,31.24,68.24,44.94,25.08,92.59,232.72,122.35,38.45,71.92
2025-12-26,420.0,,,2234,369.22,1896.44,12.0,0,0,0,32.57,22.85,41.65,0.0,0.0,0.0,0.0
2025-12-27,1440.0,02:13:31,07:30:09,14020,1588.45,6748.11,205.0,51.98,34.47,78.59,29.7,15.11,46.06,289.17,198.78,45.45,44.93
2025-12-28,1440.0,02:05:58,11:23:18,15959,1447.72,6853.1,74.0,65.12,42.75,78.97,30.24,20.71,36.78,538.87,357.12,62.9,118.85
2025-12-29,1440.0,03:40:21,10:11:54,17935,1582.08,6445.18,257.0,60.17,32.55,80.98,36.03,15.33,62.94,387.58,206.82,64.92,115.85
2025-12-30,1440.0,08:21:51,11:06:10,1481,433.12,6632.33,0.0,75.47,75.47,75.47,48.64,23.66,115.29,161.82,0.0,0.0,0.0
2025-12-31,1440.0,03:56:19,13:19:13,17673,1754.06,6671.39,17.0,46.59,29.04,78.16,39.88,20.05,71.46,542.9,309.67,74.42,158.82
2026-01-01,1440.0,03:37:50,14:11:40,10375,1007.12,6617.89,102.0,56.07,32.59,86.96,31.52,17.01,48.78,617.85,321.65,74.43,221.77
2026-01-02,1440.0,04:15:27,12:18:58,19333,1519.9,6739.02,88.0,50.63,43.33,56.84,33.6,14.06,47.08,483.52,256.77,57.43,169.32
2026-01-03,1440.0,03:21:12,12:11:37,7871,943.76,6600.89,119.0,68.04,32.12,126.76,35.73,23.5,43.65,495.97,302.68,63.93,129.35
2026-01-04,1440.0,01:36:40,04:57:25,28298,2201.5,6783.04,204.0,71.61,71.61,71.61,35.19,14.37,54.75,199.75,125.83,33.97,39.95
2026-01-05,1440.0,03:39:07,13:48:58,12539,974.32,6587.89,26.0,59.82,43.75,82.52,38.32,21.21,58.45,598.37,305.18,95.42,197.77
2026-01-06,1440.0,02:09:23,12:04:44,19275,1881.53,6696.96,82.0,64.88,29.11,110.8,28.45,14.7,39.14,560.38,332.62,75.45,152.32
2026-01-07,1440.0,,,24567,1897.58,6720.85,149.0,0,0,0,29.2,12.54,47.04,0.0,0.0,0.0,0.0
2026-01-08,1440.0,02:37:22,10:30:21,1675,452.92,6633.56,0.0,46.83,39.21,56.72,43.5,25.42,67.09,463.52,250.22,63.43,149.87
2026-01-09,1440.0,00:59:02,06:19:11,19418,1992.23,6679.88,133.0,43.06,36.94,50.1,34.88,22.35,53.0,316.67,195.27,45.47,75.93
2026-01-10,1440.0,01:04:31,09:57:56,17119,1265.6,6614.71,165.0,36.67,15.63,56.44,37.22,23.65,75.03,505.48,302.2,57.93,145.35
2026-01-11,1440.0,01:02:54,10:26:47,20072,1632.97,6661.68,54.0,68.58,34.69,109.96,38.4,30.97,46.61,535.92,370.1,48.47,117.35
2026-01-12,1440.0,03:18:35,06:45:22,11961,1413.43,6676.4,16.0,40.12,31.66,48.58,33.62,18.08,48.1,206.28,121.88,42.93,41.47
2026-01-13,1440.0,,,9490,816.61,6680.98,41.0,0,0,0,33.62,13.91,50.99,0.0,0.0,0.0,0.0
2026-01-14,1440.0,02:45:54,10:48:33,8734,1071.06,6653.74,86.0,74.36,29.22,108.47,29.45,25.16,34.26,206.7,169.73,21.48,15.48
2026-01-15,1440.0,03:21:49,12:15:38,6666,1076.74,6751.82,240.0,67.2,45.74,91.08,42.79,26.0,54.74,480.88,312.13,60.38,108.37
2026-01-16,1440.0,,,7560,3.24,6618.18,0.0,0,0,0,0,0,0,0.0,0.0,0.0,0.0
2026-01-17,1440.0,,,2475,373.23,6504.16,43.0,0,0,0,33.63,21.92,49.22,0.0,0.0,0.0,0.0
2026-01-18,1440.0,08:42:50,15:22:44,3733,689.96,6909.33,3.0,58.44,41.9,78.34,36.74,22.41,58.19,377.42,248.1,28.97,100.35
2026-01-19,1440.0,,,1630,0.52,6480.14,0.0,0,0,0,0,0,0,0.0,0.0,0.0,0.0
2026-01-20,1440.0,05:58:21,12:49:42,2539,498.54,6538.13,0.0,44.74,38.97,54.01,30.42,21.01,39.69,394.35,212.17,80.35,101.83
2026-01-21,1440.0,04:31:23,13:19:00,8097,1084.11,6628.17,9.0,45.13,21.11,80.57,31.79,22.15,45.15,515.65,318.98,69.87,126.8
2026-01-22,1440.0,06:19:21,14:06:08,7885,994.38,6725.56,20.0,64.55,52.95,87.53,37.38,18.13,54.8,449.32,266.62,77.88,104.82
2026-01-23,1440.0,07:40:54,15:08:42,4627,825.94,6622.52,31.0,58.08,28.59,82.35,37.14,25.61,55.81,370.93,215.18,48.92,106.83
2026-01-24,1440.0,06:53:24,14:30:31,5509,556.57,6830.13,3.0,105.4,51.52,194.36,28.87,20.33,38.27,409.4,177.22,63.92,78.9
2026-01-25,1440.0,06:09:00,15:11:07,12132,1414.84,6457.72,22.0,76.11,56.26,135.56,36.19,27.67,54.93,518.63,347.93,33.45,137.25
2026-01-26,1440.0,09:50:36,16:24:56,5579,1055.28,6683.98,0.0,40.22,32.06,51.8,39.26,28.31,56.42,309.48,154.75,74.88,79.85
2026-01-27,1440.0,05:06:11,14:15:14,10038,1027.4,6597.82,11.0,64.01,24.55,112.27,47.08,21.21,76.5,526.1,312.52,66.37,147.22
2026-01-28,1440.0,,,8668,1246.44,6755.3,75.0,0,0,0,32.89,18.72,45.59,0.0,0.0,0.0,0.0
2026-01-29,1440.0,08:05:05,14:25:56,11936,1947.86,6917.74,74.0,88.88,72.79,111.6,46.86,27.19,85.29,373.35,211.63,50.92,110.8
2026-01-30,1440.0,08:56:27,17:08:34,6902,545.94,6391.49,1.0,47.77,33.68,61.56,33.68,24.78,41.58,381.33,279.02,25.95,76.37
2026-01-31,1187.77,05:48:19,16:56:39,8513,781.5,5515.7,0.0,68.51,28.39,122.65,35.86,21.97,55.5,632.88,353.42,63.88,215.58
2026-02-01,1440.0,,,5862,448.55,6583.07,21.0,0,0,0,36.63,36.63,36.63,0.0,0.0,0.0,0.0
2026-02-02,1440.0,,,7560,424.61,6720.08,0.0,0,0,0,32.12,32.12,32.12,0.0,0.0,0.0,0.0
2026-02-03,502.97,,,2618,1.74,1653.16,0.0,0,0,0,0,0,0,0.0,0.0,0.0,0.0
2026-02-04,1290.0,07:11:28,13:53:16,10523,1150.43,5780.39,0.0,54.86,26.49,78.87,35.61,19.79,52.73,387.82,239.1,40.42,108.3
2026-02-05,1440.0,06:21:58,15:04:16,11130,1175.01,6758.31,0.0,67.69,59.06,76.64,31.07,23.11,38.98,498.17,332.92,58.4,106.85
2026-02-06,1440.0,,,23119,1660.32,6639.46,175.0,0,0,0,37.75,15.62,59.99,0.0,0.0,0.0,0.0
2026-02-07,1440.0,,,23344,1904.63,6721.76,83.0,0,0,0,31.94,9.75,78.23,0.0,0.0,0.0,0.0
2026-02-08,1440.0,08:37:02,14:00:32,16522,1391.5,6668.89,55.0,83.39,83.39,83.39,42.6,22.84,61.07,320.5,183.72,65.42,71.37
2026-02-09,1440.0,06:12:19,15:20:32,7204,916.26,6643.78,16.0,96.3,60.85,165.28,32.6,17.88,43.58,534.73,353.47,27.45,153.82
2026-02-10,1440.0,08:10:18,14:18:18,19286,1526.96,6760.95,20.0,64.95,45.8,92.74,34.27,29.09,38.37,367.0,249.68,34.95,82.37
2026-02-11,1440.0,06:14:21,13:42:10,10830,1365.47,6740.89,34.0,64.89,34.89,97.54,45.71,26.5,63.88,442.82,249.12,66.4,127.3
2026-02-12,1440.0,04:22:49,14:32:52,9482,1733.82,6627.93,113.0,47.55,30.71,56.87,33.09,21.55,46.17,493.75,308.57,41.43,143.75
2026-02-13,1440.0,04:04:19,14:05:55,1228,980.85,6653.91,0.0,53.43,31.03,83.97,40.91,31.38,46.81,595.1,370.47,47.42,177.22
2026-02-14,1440.0,05:27:41,10:02:15,9412,882.84,6625.15,60.0,54.54,37.41,85.28,33.35,21.73,48.15,263.1,174.73,37.45,50.92
2026-02-15,1440.0,,,7762,882.53,6693.77,51.0,0,0,0,30.61,25.15,39.87,0.0,0.0,0.0,0.0
2026-02-16,1080.58,,,3755,230.88,4820.75,0.0,0,0,0,27.47,22.94,31.99,0.0,0.0,0.0,0.0
2026-02-17,1440.0,,,38037,2762.69,6804.15,9.0,0,0,0,45.02,18.42,70.92,0.0,0.0,0.0,0.0
2026-02-18,1440.0,14:37:37,18:02:17,19346,1616.69,6585.42,46.0,35.05,30.2,39.91,41.72,17.57,85.34,133.78,0.0,0.0,0.0
2026-02-19,1440.0,00:49:42,11:03:49,5818,1030.37,6664.79,0.0,57.07,16.34,75.36,34.24,20.54,52.86,585.67,353.5,70.4,161.77
2026-02-20,1440.0,02:16:40,08:51:36,14454,1491.22,6705.96,85.0,81.7,43.68,119.72,35.18,14.11,53.16,377.43,240.12,65.93,71.38
2026-02-21,1440.0,,,7391,822.76,6837.84,0.0,0,0,0,33.2,29.65,35.39,0.0,0.0,0.0,0.0
2026-02-22,1440.0,,,28990,2383.96,6616.63,26.0,0,0,0,43.37,25.92,60.46,0.0,0.0,0.0,0.0
2026-02-23,1440.0,,,18341,1720.97,6727.8,86.0,0,0,0,27.4,10.27,53.95,0.0,0.0,0.0,0.0
2026-02-24,1440.0,02:44:47,11:29:36,13698,1457.58,6704.35,32.0,69.8,28.68,115.27,22.15,14.79,32.0,482.35,263.15,98.87,120.33
2026-02-25,1440.0,,,13931,1210.85,6658.29,21.0,0,0,0,30.21,21.93,37.58,0.0,0.0,0.0,0.0
2026-02-26,1440.0,00:21:56,07:42:21,45018,3078.57,6744.76,210.0,57.67,42.7,70.76,47.94,18.63,132.9,433.92,242.17,75.9,115.85
2026-02-27,1440.0,05:14:09,14:02:56,8815,725.03,6707.66,0.0,64.99,29.75,151.38,18.93,14.83,22.69,488.37,312.08,61.43,114.85
2026-02-28,1440.0,01:56:29,09:08:23,29550,2122.51,6550.65,93.0,55.31,40.35,79.54,31.68,13.2,47.76,411.45,247.13,54.95,109.37
2026-03-01,1440.0,01:42:59,12:19:34,7365,856.63,6707.53,0.0,58.0,21.72,134.94,24.25,15.57,32.93,593.18,339.03,54.92,199.23
2026-03-02,1440.0,03:42:13,09:40:12,13966,1670.95,6681.08,53.0,72.63,69.12,78.16,39.99,32.89,49.55,350.5,209.22,66.9,74.38
2026-03-03,1440.0,01:36:46,08:00:12,30806,2358.88,6727.61,110.0,92.91,69.87,107.11,34.6,16.71,46.93,358.97,210.72,38.92,109.33
2026-03-04,1440.0,02:37:21,10:16:40,10561,122.05,6826.69,0.0,66.36,33.36,120.91,35.23,35.23,35.23,456.82,255.12,66.9,134.8
2026-03-05,1440.0,,,33468,2486.7,6522.11,240.0,0,0,0,28.28,16.39,64.88,0.0,0.0,0.0,0.0
2026-03-06,1440.0,04:06:02,13:21:44,12879,1345.31,6693.45,2.0,51.19,36.84,75.04,30.74,23.93,47.79,515.72,327.48,61.43,126.8
2026-03-07,60.0,,,4801,77.74,146.77,0.0,0,0,0,0,0,0,0.0,0.0,0.0,0.0
2026-03-08,540.0,,,18883,1428.95,2618.78,175.0,0,0,0,29.34,21.51,46.56,0.0,0.0,0.0,0.0
2026-03-09,1440.0,01:04:25,09:20:13,15294,1734.57,6730.57,63.0,69.23,46.58,97.16,36.7,23.6,41.91,490.82,283.57,45.95,161.3
2026-03-10,1440.0,02:10:57,10:08:17,11861,135.09,6626.37,0.0,69.22,44.49,85.13,48.24,48.24,48.24,432.38,270.12,52.43,109.83
2026-03-11,1440.0,01:00:41,11:40:45,16973,1671.77,6678.26,42.0,60.99,42.35,69.61,40.65,29.52,47.41,627.1,355.47,51.43,220.2
2026-03-12,1440.0,02:10:10,09:45:33,23792,1935.71,6759.31,127.0,101.43,77.17,140.81,30.82,14.5,40.4,432.42,301.08,25.97,105.37
2026-03-13,1440.0,01:08:38,23:55:35,14244,563.45,6653.65,36.0,54.05,54.05,54.05,30.98,21.2,42.28,168.75,34.45,9.98,0.0
2026-03-14,1440.0,23:55:35,23:56:20,21069,3817.19,6640.92,534.0,49.24,27.92,83.21,21.47,11.25,44.22,235.15,122.83,73.9,38.42
2026-03-15,1440.0,23:56:20,04:05:28,2365,81.12,6734.43,0.0,45.08,45.08,45.08,21.92,20.98,22.87,148.8,90.85,19.98,37.97
2026-03-16,1440.0,23:54:14,10:10:26,15652,1762.99,6620.93,25.0,53.38,23.24,76.19,31.29,25.26,40.18,596.72,392.95,60.43,143.33
2026-03-17,1440.0,00:49:53,08:03:46,21375,1961.88,6710.68,66.0,69.47,27.78,136.18,40.15,17.2,68.99,413.9,287.05,45.45,81.4
2026-03-18,1440.0,01:12:37,08:22:00,9070,965.28,6625.13,20.0,48.59,27.53,71.91,36.76,24.61,50.69,381.43,230.65,34.95,115.83
2026-03-19,1440.0,,,15693,848.85,6677.21,0.0,0,0,0,27.3,23.63,33.35,0.0,0.0,0.0,0.0
2026-03-20,1440.0,00:15:25,23:52:21,16134,1554.56,6682.0,43.0,65.15,43.19,86.92,36.91,23.99,55.31,476.28,288.55,87.88,99.85
2026-03-21,892.38,23:52:21,08:35:34,812,392.47,4146.17,0.0,85.91,40.97,139.96,49.17,30.45,67.9,513.23,298.05,50.43,164.75
2026-03-22,1440.0,05:13:36,11:37:04,22542,1906.27,6734.82,0.0,60.29,47.92,79.07,40.49,23.17,56.96,375.97,242.68,41.43,91.85
2026-03-23,1440.0,,,18659,1850.64,6780.43,53.0,0,0,0,33.62,17.26,49.03,0.0,0.0,0.0,0.0
2026-03-24,1440.0,00:22:47,09:48:58,12244,1405.5,6687.22,42.0,60.01,36.97,87.86,31.77,21.15,37.8,547.22,307.53,49.45,190.23
2026-03-25,286.77,,,11362,129.63,1274.86,0.0,0,0,0,28.03,20.33,35.73,0.0,0.0,0.0,0.0
2026-03-26,720.0,,,15164,1495.13,3242.83,0.0,0,0,0,20.61,20.61,20.61,0.0,0.0,0.0,0.0
2026-03-27,1440.0,03:47:40,13:08:53,2245,761.96,6680.48,0.0,63.51,38.12,125.46,36.07,18.84,53.78,513.32,340.07,62.43,110.82
2026-03-28,1440.0,03:17:26,07:23:07,20095,1517.98,6659.09,19.0,41.51,39.96,43.06,28.02,13.61,52.02,242.68,97.88,87.88,56.92
2026-03-29,1440.0,02:24:46,14:44:16,1936,700.43,6647.53,0.0,65.08,25.69,91.09,37.07,19.54,67.94,713.05,376.03,77.9,259.12
2026-03-30,1440.0,01:22:16,10:02:04,8427,97.52,6611.66,0.0,43.34,32.63,58.74,38.88,38.88,38.88,495.83,319.07,68.9,107.87
2026-03-31,1440.0,03:37:15,10:32:12,32099,2618.9,6708.9,110.0,64.46,38.7,97.33,30.1,15.14,46.95,411.45,186.23,91.38,133.83
2026-04-01,1440.0,02:50:45,11:35:05,19113,1709.67,6808.39,47.0,51.8,19.36,73.12,30.08,18.35,48.97,500.85,299.12,71.9,129.83
2026-04-02,1440.0,01:23:33,08:41:00,26910,2299.41,6703.05,78.0,67.13,33.09,96.51,35.86,11.3,53.73,420.48,251.67,65.93,102.88
2026-04-03,1440.0,03:47:03,07:47:15,38532,2701.36,6746.48,109.0,39.74,24.4,55.08,36.92,26.78,46.16,211.25,105.88,66.42,38.95
2026-04-04,1440.0,02:20:46,14:51:03,27030,2055.64,6647.72,0.0,85.86,41.95,106.65,36.22,26.82,45.85,538.8,380.48,71.42,86.9
2026-04-05,1440.0,,,18163,741.07,6627.85,0.0,0,0,0,27.1,15.97,40.26,0.0,0.0,0.0,0.0
2026-04-06,1440.0,03:44:10,11:28:05,29510,2449.78,6797.88,81.0,90.44,53.74,174.69,37.78,16.18,64.89,453.43,263.15,53.95,136.33
2026-04-07,1440.0,,,18266,1290.47,6589.85,11.0,0,0,0,31.72,22.16,41.27,0.0,0.0,0.0,0.0
2026-04-08,1440.0,03:30:50,15:18:52,10027,1296.56,6675.66,0.0,67.64,48.56,88.53,29.78,16.28,50.97,529.33,341.1,74.88,113.35
2026-04-09,660.78,04:15:22,10:53:52,9522,287.68,3060.07,0.0,55.31,35.28,83.74,52.0,37.15,74.72,383.02,155.8,30.95,66.92
2026-04-10,420.0,,,15413,1217.12,1838.68,0.0,0,0,0,0,0,0,0.0,0.0,0.0,0.0
2026-04-11,1440.0,10:34:52,12:58:40,13951,1844.51,6818.27,49.0,58.57,58.57,58.57,37.61,21.46,57.51,130.82,0.0,0.0,0.0
2026-04-12,1440.0,,,18038,1646.47,6729.33,24.0,0,0,0,39.43,39.43,39.43,0.0,0.0,0.0,0.0
2026-04-13,1440.0,06:09:12,11:54:43,21925,1870.96,6694.58,19.0,51.9,44.07,64.32,27.6,16.3,35.65,340.52,172.27,67.4,100.85
2026-04-14,1440.0,04:36:14,11:44:09,22807,2178.53,6719.54,45.0,86.33,53.01,150.58,29.67,16.49,40.67,415.95,246.17,40.45,129.33
2026-04-15,1440.0,06:04:40,11:24:43,4983,747.83,6660.21,0.0,53.23,36.99,64.02,27.14,17.93,36.35,320.05,123.37,82.88,113.8
2026-04-16,903.65,03:25:07,10:50:59,8372,911.78,4177.12,28.0,49.1,22.76,109.6,41.46,24.61,61.32,426.4,270.17,57.92,98.32
